Timestamp,UnixTimestamp,CPU_Usage(cores),RAM_Usage(GB),GPU_Usage(%),GPU_Memory(GB)
2025-02-18 14:32:51,1739885571,0.64,13.32,0.00,0.00
2025-02-18 14:32:52,1739885572,0.32,13.34,0.00,0.00
2025-02-18 14:32:53,1739885573,0.51,14.31,0.00,0.00
2025-02-18 14:32:54,1739885574,0.51,17.09,0.00,0.00
2025-02-18 14:32:56,1739885576,5.06,21.24,0.00,0.00
2025-02-18 14:32:57,1739885577,12.67,24.28,29.50,19.68
2025-02-18 14:32:58,1739885578,25.15,31.56,75.75,34.75
2025-02-18 14:33:00,1739885580,13.76,40.74,77.00,35.02
2025-02-18 14:33:01,1739885581,30.59,51.40,84.50,35.31
2025-02-18 14:33:02,1739885582,31.42,56.32,87.00,35.31
2025-02-18 14:33:03,1739885583,29.50,61.43,92.50,35.31
2025-02-18 14:33:05,1739885585,30.78,65.52,95.00,35.58
2025-02-18 14:33:06,1739885586,29.70,70.25,69.75,35.58
2025-02-18 14:33:07,1739885587,31.36,74.41,62.50,35.58
2025-02-18 14:33:08,1739885588,31.42,78.04,80.25,35.58
2025-02-18 14:33:10,1739885590,30.72,80.02,38.25,35.58
2025-02-18 14:33:11,1739885591,29.31,81.84,79.50,35.58
2025-02-18 14:33:12,1739885592,28.16,85.97,83.25,35.58
2025-02-18 14:33:14,1739885594,31.30,89.80,62.50,35.58
2025-02-18 14:33:15,1739885595,31.68,91.88,68.00,35.58
2025-02-18 14:33:16,1739885596,31.42,93.44,79.25,35.58
2025-02-18 14:33:17,1739885597,30.34,95.51,77.25,35.58
2025-02-18 14:33:19,1739885599,29.06,97.37,32.00,35.58
2025-02-18 14:33:20,1739885600,28.16,98.64,50.50,35.58
2025-02-18 14:33:21,1739885601,29.25,100.00,80.00,35.58
2025-02-18 14:33:22,1739885602,30.46,101.52,83.75,35.58
2025-02-18 14:33:24,1739885604,30.46,102.86,4.75,35.58
2025-02-18 14:33:25,1739885605,30.91,104.26,72.75,35.58
2025-02-18 14:33:26,1739885606,19.65,105.35,84.50,35.58
2025-02-18 14:33:27,1739885607,24.51,105.61,0.00,35.58
2025-02-18 14:33:29,1739885609,15.68,105.99,26.75,35.58
2025-02-18 14:33:30,1739885610,28.99,107.25,71.25,35.58
2025-02-18 14:33:31,1739885611,30.40,107.92,90.50,35.58
2025-02-18 14:33:32,1739885612,31.81,108.58,21.75,35.58
2025-02-18 14:33:34,1739885614,28.29,108.96,48.00,35.58
2025-02-18 14:33:35,1739885615,30.21,109.48,97.00,35.58
2025-02-18 14:33:36,1739885616,31.68,109.75,58.00,35.58
2025-02-18 14:33:37,1739885617,30.27,109.89,89.00,35.58
2025-02-18 14:33:39,1739885619,30.78,110.16,67.25,35.58
2025-02-18 14:33:40,1739885620,29.57,110.60,36.25,35.58
2025-02-18 14:33:41,1739885621,31.81,110.90,99.50,35.58
2025-02-18 14:33:42,1739885622,29.57,110.99,11.50,35.58
2025-02-18 14:33:44,1739885624,30.21,111.18,95.25,35.58
2025-02-18 14:33:45,1739885625,30.14,111.17,12.25,35.58
2025-02-18 14:33:46,1739885626,30.40,111.27,49.75,35.58
2025-02-18 14:33:47,1739885627,29.76,111.53,84.00,35.58
2025-02-18 14:33:49,1739885629,30.34,111.67,58.00,35.58
2025-02-18 14:33:50,1739885630,30.98,111.76,58.50,35.58
2025-02-18 14:33:51,1739885631,27.52,112.01,56.00,35.58
2025-02-18 14:33:52,1739885632,31.55,112.19,93.25,35.58
2025-02-18 14:33:54,1739885634,28.86,112.69,76.25,35.58
2025-02-18 14:33:55,1739885635,29.89,112.89,49.75,35.58
2025-02-18 14:33:56,1739885636,31.10,113.00,90.25,35.58
2025-02-18 14:33:57,1739885637,27.39,113.47,61.75,35.58
2025-02-18 14:33:59,1739885639,30.91,113.73,98.75,35.58
2025-02-18 14:34:00,1739885640,27.33,113.91,43.25,35.58
2025-02-18 14:34:01,1739885641,17.28,114.26,92.50,35.58
2025-02-18 14:34:02,1739885642,16.32,114.43,62.25,35.58
2025-02-18 14:34:03,1739885643,28.99,114.59,42.75,35.58
2025-02-18 14:34:05,1739885645,20.61,114.75,0.00,35.58
2025-02-18 14:34:06,1739885646,14.85,114.87,0.00,35.58
2025-02-18 14:34:07,1739885647,28.80,114.96,7.75,35.58
2025-02-18 14:34:08,1739885648,29.63,115.19,98.50,35.58
2025-02-18 14:34:10,1739885650,28.22,115.30,98.25,35.58
2025-02-18 14:34:11,1739885651,30.98,115.42,68.00,35.58
2025-02-18 14:34:12,1739885652,31.04,115.59,98.00,35.58
2025-02-18 14:34:13,1739885653,30.72,115.59,15.50,35.58
2025-02-18 14:34:15,1739885655,31.23,115.71,89.50,35.58
2025-02-18 14:34:16,1739885656,31.94,115.82,89.75,35.58
2025-02-18 14:34:17,1739885657,30.46,116.07,97.50,35.58
2025-02-18 14:34:18,1739885658,30.02,116.13,69.75,35.58
2025-02-18 14:34:20,1739885660,31.68,116.17,61.25,35.58
2025-02-18 14:34:21,1739885661,30.53,116.23,80.25,35.58
2025-02-18 14:34:22,1739885662,31.49,116.38,72.50,35.58
2025-02-18 14:34:23,1739885663,27.20,116.32,92.00,35.58
2025-02-18 14:34:25,1739885665,30.59,116.41,58.00,35.58
2025-02-18 14:34:26,1739885666,31.23,116.52,66.50,35.58
2025-02-18 14:34:27,1739885667,28.42,116.77,83.25,35.58
2025-02-18 14:34:28,1739885668,31.55,116.97,72.50,35.58
2025-02-18 14:34:30,1739885670,31.62,117.11,81.50,35.58
2025-02-18 14:34:31,1739885671,31.04,117.28,77.00,35.58
2025-02-18 14:34:32,1739885672,31.49,117.37,59.50,35.58
2025-02-18 14:34:33,1739885673,30.59,117.43,71.00,35.58
2025-02-18 14:34:35,1739885675,31.23,117.47,84.75,35.58
2025-02-18 14:34:36,1739885676,28.42,117.55,70.50,35.58
2025-02-18 14:34:37,1739885677,30.34,117.68,51.75,35.58
2025-02-18 14:34:38,1739885678,31.23,117.68,61.25,35.58
2025-02-18 14:34:40,1739885680,29.70,118.04,52.25,35.58
2025-02-18 14:34:41,1739885681,30.40,118.05,66.75,35.58
2025-02-18 14:34:42,1739885682,29.06,118.27,92.00,35.58
2025-02-18 14:34:43,1739885683,31.42,118.33,93.00,35.58
2025-02-18 14:34:45,1739885685,28.10,118.36,57.25,35.58
2025-02-18 14:34:46,1739885686,31.04,118.37,67.25,35.58
2025-02-18 14:34:47,1739885687,31.42,118.46,75.25,35.58
2025-02-18 14:34:48,1739885688,28.61,118.53,82.50,35.58
2025-02-18 14:34:50,1739885690,26.75,118.57,87.00,35.58
2025-02-18 14:34:51,1739885691,26.75,118.62,86.75,35.58
2025-02-18 14:34:52,1739885692,26.94,118.63,100.00,35.58
2025-02-18 14:34:53,1739885693,27.39,118.76,49.00,35.58
2025-02-18 14:34:55,1739885695,28.61,118.82,75.50,35.58
2025-02-18 14:34:56,1739885696,30.40,118.86,76.00,35.58
2025-02-18 14:34:57,1739885697,30.02,118.94,88.75,35.58
2025-02-18 14:34:58,1739885698,31.23,119.04,90.50,35.58
2025-02-18 14:35:00,1739885700,31.62,119.05,87.50,35.58
2025-02-18 14:35:01,1739885701,29.57,119.12,28.00,35.58
2025-02-18 14:35:02,1739885702,31.74,119.22,90.25,35.58
2025-02-18 14:35:03,1739885703,30.02,119.22,22.00,35.58
2025-02-18 14:35:05,1739885705,30.27,119.30,93.00,35.58
2025-02-18 14:35:06,1739885706,30.27,119.34,55.25,35.58
2025-02-18 14:35:07,1739885707,31.23,119.42,86.50,35.58
2025-02-18 14:35:08,1739885708,31.04,119.46,82.75,35.58
2025-02-18 14:35:10,1739885710,31.42,119.55,90.25,35.58
2025-02-18 14:35:11,1739885711,30.91,119.87,78.50,35.58
2025-02-18 14:35:12,1739885712,29.76,119.90,51.00,35.58
2025-02-18 14:35:13,1739885713,31.74,119.94,67.00,35.58
2025-02-18 14:35:15,1739885715,29.95,120.04,75.00,35.58
2025-02-18 14:35:16,1739885716,31.68,120.14,100.00,35.58
2025-02-18 14:35:17,1739885717,30.46,119.99,55.25,35.58
2025-02-18 14:35:18,1739885718,31.68,120.05,97.00,35.58
2025-02-18 14:35:20,1739885720,29.50,119.97,17.50,35.58
2025-02-18 14:35:21,1739885721,31.81,120.03,61.75,35.58
2025-02-18 14:35:22,1739885722,31.04,120.16,94.25,35.58
2025-02-18 14:35:23,1739885723,29.44,120.18,56.00,35.58
2025-02-18 14:35:25,1739885725,30.53,120.26,90.75,35.58
2025-02-18 14:35:26,1739885726,30.46,120.26,48.50,35.58
2025-02-18 14:35:27,1739885727,29.76,120.48,94.75,35.58
2025-02-18 14:35:28,1739885728,31.68,120.58,60.00,35.58
2025-02-18 14:35:30,1739885730,31.23,120.69,79.75,35.58
2025-02-18 14:35:31,1739885731,28.93,120.68,98.50,35.58
2025-02-18 14:35:32,1739885732,26.56,120.70,70.75,35.58
2025-02-18 14:35:33,1739885733,29.25,120.70,100.00,35.58
2025-02-18 14:35:35,1739885735,29.06,120.80,29.00,35.58
2025-02-18 14:35:36,1739885736,30.21,120.89,97.00,35.58
2025-02-18 14:35:37,1739885737,30.59,120.84,45.25,35.58
2025-02-18 14:35:38,1739885738,30.59,120.78,91.00,35.58
2025-02-18 14:35:40,1739885740,28.93,120.78,68.75,35.58
2025-02-18 14:35:41,1739885741,30.66,120.91,65.75,35.58
2025-02-18 14:35:42,1739885742,29.31,120.99,66.00,35.58
2025-02-18 14:35:43,1739885743,31.17,121.01,89.50,35.58
2025-02-18 14:35:45,1739885745,29.50,121.09,23.50,35.58
2025-02-18 14:35:46,1739885746,31.49,121.15,86.50,35.58
2025-02-18 14:35:47,1739885747,30.91,121.19,27.00,35.58
2025-02-18 14:35:48,1739885748,30.66,121.22,92.00,35.58
2025-02-18 14:35:49,1739885749,29.12,121.20,54.00,35.58
2025-02-18 14:35:51,1739885751,29.70,121.29,95.50,35.58
2025-02-18 14:35:52,1739885752,27.52,121.50,26.75,35.58
2025-02-18 14:35:53,1739885753,30.98,121.43,100.00,35.58
2025-02-18 14:35:55,1739885755,28.03,121.45,36.00,35.58
2025-02-18 14:35:56,1739885756,30.27,121.48,96.50,35.58
2025-02-18 14:35:57,1739885757,30.85,121.72,64.50,35.58
2025-02-18 14:35:58,1739885758,29.06,121.88,96.00,35.58
2025-02-18 14:36:00,1739885760,31.17,121.92,75.00,35.58
2025-02-18 14:36:01,1739885761,30.53,122.00,77.00,35.58
2025-02-18 14:36:02,1739885762,30.98,122.07,90.25,35.58
2025-02-18 14:36:03,1739885763,30.40,122.19,19.75,35.58
2025-02-18 14:36:05,1739885765,30.85,122.18,98.25,35.58
2025-02-18 14:36:06,1739885766,30.59,122.24,8.75,35.58
2025-02-18 14:36:07,1739885767,31.49,122.24,94.75,35.58
2025-02-18 14:36:08,1739885768,31.17,122.27,36.00,35.58
2025-02-18 14:36:10,1739885770,28.48,122.32,87.50,35.58
2025-02-18 14:36:11,1739885771,31.30,122.42,92.75,35.58
2025-02-18 14:36:12,1739885772,29.82,122.43,18.00,35.58
2025-02-18 14:36:13,1739885773,30.98,122.47,91.75,35.58
2025-02-18 14:36:15,1739885775,30.59,122.66,80.00,35.58
2025-02-18 14:36:16,1739885776,30.78,122.69,68.00,35.58
2025-02-18 14:36:17,1739885777,30.08,122.72,53.25,35.58
2025-02-18 14:36:18,1739885778,31.42,122.86,98.00,35.58
2025-02-18 14:36:19,1739885779,30.91,122.85,96.00,35.58
2025-02-18 14:36:21,1739885781,30.91,122.84,4.50,35.58
2025-02-18 14:36:22,1739885782,30.21,122.91,89.25,35.58
2025-02-18 14:36:23,1739885783,31.10,123.29,23.00,35.58
2025-02-18 14:36:25,1739885785,31.81,123.36,89.50,35.58
2025-02-18 14:36:26,1739885786,30.85,123.42,100.00,35.58
2025-02-18 14:36:27,1739885787,30.53,123.45,42.75,35.58
2025-02-18 14:36:28,1739885788,30.72,123.54,85.25,35.58
2025-02-18 14:36:29,1739885789,29.38,123.49,56.00,35.58
2025-02-18 14:36:31,1739885791,28.16,123.17,66.75,35.58
2025-02-18 14:36:32,1739885792,28.86,123.30,100.00,35.58
2025-02-18 14:36:33,1739885793,28.54,123.45,32.75,35.58
2025-02-18 14:36:34,1739885794,30.14,123.28,86.25,35.58
2025-02-18 14:36:36,1739885796,29.63,123.35,41.00,35.58
2025-02-18 14:36:37,1739885797,31.81,123.45,93.50,35.58
2025-02-18 14:36:38,1739885798,29.57,123.44,41.25,35.58
2025-02-18 14:36:39,1739885799,29.95,123.49,50.50,35.58
2025-02-18 14:36:41,1739885801,30.27,123.57,92.00,35.58
2025-02-18 14:36:42,1739885802,29.31,123.41,39.75,35.58
2025-02-18 14:36:43,1739885803,30.91,123.45,96.25,35.58
2025-02-18 14:36:44,1739885804,31.23,123.46,89.25,35.58
2025-02-18 14:36:46,1739885806,31.87,123.39,81.00,35.58
2025-02-18 14:36:47,1739885807,30.78,123.36,81.00,35.58
2025-02-18 14:36:48,1739885808,29.57,123.37,48.50,35.58
2025-02-18 14:36:49,1739885809,30.53,123.44,92.50,35.58
2025-02-18 14:36:51,1739885811,31.30,123.47,95.25,35.58
2025-02-18 14:36:52,1739885812,29.38,123.27,42.75,35.58
2025-02-18 14:36:53,1739885813,31.30,123.45,99.00,35.58
2025-02-18 14:36:54,1739885814,29.82,123.53,63.75,35.58
2025-02-18 14:36:56,1739885816,31.36,123.56,84.00,35.58
2025-02-18 14:36:57,1739885817,30.40,123.64,95.25,35.58
2025-02-18 14:36:58,1739885818,29.12,123.69,1.00,35.58
2025-02-18 14:36:59,1739885819,30.85,123.76,65.50,35.58
2025-02-18 14:37:01,1739885821,28.54,123.76,46.25,35.58
2025-02-18 14:37:02,1739885822,30.59,123.81,52.50,35.58
2025-02-18 14:37:03,1739885823,30.53,123.82,55.75,35.58
2025-02-18 14:37:04,1739885824,31.55,123.82,58.75,35.58
2025-02-18 14:37:05,1739885825,30.27,123.94,66.75,35.58
2025-02-18 14:37:07,1739885827,30.53,123.94,15.00,35.58
2025-02-18 14:37:08,1739885828,32.06,123.96,88.75,35.58
2025-02-18 14:37:09,1739885829,31.23,124.00,94.75,35.58
2025-02-18 14:37:10,1739885830,29.95,124.06,59.75,35.58
2025-02-18 14:37:12,1739885832,31.04,123.99,57.75,35.58
2025-02-18 14:37:13,1739885833,30.91,124.04,82.25,35.58
2025-02-18 14:37:14,1739885834,28.03,124.25,31.75,35.58
2025-02-18 14:37:15,1739885835,29.25,124.30,98.50,35.58
2025-02-18 14:37:17,1739885837,30.85,124.33,46.50,35.58
2025-02-18 14:37:18,1739885838,31.30,124.35,97.50,35.58
2025-02-18 14:37:19,1739885839,29.44,124.35,28.50,35.58
2025-02-18 14:37:20,1739885840,31.04,124.41,97.00,35.58
2025-02-18 14:37:22,1739885842,28.99,124.43,78.50,35.58
2025-02-18 14:37:23,1739885843,30.46,124.43,80.00,35.58
2025-02-18 14:37:24,1739885844,31.42,124.50,97.00,35.58
2025-02-18 14:37:25,1739885845,30.85,124.52,85.75,35.58
2025-02-18 14:37:27,1739885847,30.78,124.55,100.00,35.58
2025-02-18 14:37:28,1739885848,29.70,124.52,20.00,35.58
2025-02-18 14:37:29,1739885849,30.21,124.57,91.75,35.58
2025-02-18 14:37:30,1739885850,31.10,124.55,69.00,35.58
2025-02-18 14:37:32,1739885852,31.81,124.65,84.25,35.58
2025-02-18 14:37:33,1739885853,30.14,124.66,54.00,35.58
2025-02-18 14:37:34,1739885854,31.04,124.72,67.50,35.58
2025-02-18 14:37:35,1739885855,31.36,124.75,92.50,35.58
2025-02-18 14:37:36,1739885856,30.53,124.71,20.75,35.58
2025-02-18 14:37:38,1739885858,31.30,124.68,95.75,35.58
2025-02-18 14:37:39,1739885859,29.25,124.76,41.50,35.58
2025-02-18 14:37:40,1739885860,30.98,124.77,95.25,35.58
2025-02-18 14:37:42,1739885862,28.80,124.95,45.00,35.58
2025-02-18 14:37:43,1739885863,30.85,124.98,85.00,35.58
2025-02-18 14:37:44,1739885864,31.30,125.04,96.00,35.58
2025-02-18 14:37:45,1739885865,29.38,125.07,20.00,35.58
2025-02-18 14:37:46,1739885866,30.91,125.12,97.25,35.58
2025-02-18 14:37:48,1739885868,30.59,125.10,15.25,35.58
2025-02-18 14:37:49,1739885869,31.30,125.16,90.25,35.58
2025-02-18 14:37:50,1739885870,25.60,125.12,22.50,35.58
2025-02-18 14:37:52,1739885872,29.70,125.23,76.00,35.58
2025-02-18 14:37:53,1739885873,29.06,125.71,86.25,35.58
2025-02-18 14:37:54,1739885874,30.59,125.90,75.75,35.58
2025-02-18 14:37:55,1739885875,30.08,125.84,53.75,35.58
2025-02-18 14:37:57,1739885877,29.63,125.95,71.75,35.58
2025-02-18 14:37:58,1739885878,30.46,125.98,68.00,35.58
2025-02-18 14:37:59,1739885879,27.14,125.98,48.75,35.58
2025-02-18 14:38:01,1739885881,30.91,126.09,72.75,35.58
2025-02-18 14:38:02,1739885882,30.59,126.03,55.75,35.58
2025-02-18 14:38:03,1739885883,29.25,126.02,46.50,35.58
2025-02-18 14:38:04,1739885884,29.89,126.06,57.00,35.58
2025-02-18 14:38:06,1739885886,30.34,126.08,63.00,35.58
2025-02-18 14:38:07,1739885887,31.10,126.14,67.25,35.58
2025-02-18 14:38:08,1739885888,30.53,126.00,62.25,35.58
2025-02-18 14:38:10,1739885890,30.46,126.12,74.75,35.58
2025-02-18 14:38:11,1739885891,30.46,126.13,49.00,35.58
2025-02-18 14:38:12,1739885892,30.85,126.18,75.00,35.58
2025-02-18 14:38:13,1739885893,29.89,126.09,76.75,35.58
2025-02-18 14:38:15,1739885895,31.23,126.05,100.00,35.58
2025-02-18 14:38:16,1739885896,30.46,126.12,16.25,35.58
2025-02-18 14:38:17,1739885897,31.23,126.15,100.00,35.58
2025-02-18 14:38:18,1739885898,31.42,126.15,39.75,35.58
2025-02-18 14:38:20,1739885900,31.49,126.13,72.75,35.58
2025-02-18 14:38:21,1739885901,31.10,126.14,55.75,35.58
2025-02-18 14:38:22,1739885902,30.85,126.16,100.00,35.58
2025-02-18 14:38:23,1739885903,31.30,126.20,44.75,35.58
2025-02-18 14:38:25,1739885905,30.66,126.21,90.25,35.58
2025-02-18 14:38:26,1739885906,30.02,126.32,35.25,35.58
2025-02-18 14:38:27,1739885907,30.78,126.37,97.50,35.58
2025-02-18 14:38:28,1739885908,30.59,126.38,26.75,35.58
2025-02-18 14:38:30,1739885910,30.98,126.43,98.00,35.58
2025-02-18 14:38:31,1739885911,29.95,126.42,43.00,35.58
2025-02-18 14:38:32,1739885912,31.04,126.36,85.25,35.58
2025-02-18 14:38:33,1739885913,30.40,126.55,42.50,35.58
2025-02-18 14:38:34,1739885914,30.98,126.58,93.75,35.58
2025-02-18 14:38:36,1739885916,30.85,126.52,77.25,35.58
2025-02-18 14:38:37,1739885917,30.66,126.57,34.50,35.58
2025-02-18 14:38:38,1739885918,30.40,126.54,99.50,35.58
2025-02-18 14:38:39,1739885919,28.86,126.60,66.50,35.58
2025-02-18 14:38:41,1739885921,31.17,126.61,75.00,35.58
2025-02-18 14:38:42,1739885922,30.72,126.66,65.00,35.58
2025-02-18 14:38:43,1739885923,31.42,126.66,38.75,35.58
2025-02-18 14:38:44,1739885924,31.42,126.67,91.50,35.58
2025-02-18 14:38:46,1739885926,31.04,126.71,87.75,35.58
2025-02-18 14:38:47,1739885927,31.42,126.71,79.25,35.58
2025-02-18 14:38:48,1739885928,30.85,126.70,93.25,35.58
2025-02-18 14:38:49,1739885929,25.66,126.76,76.50,35.58
2025-02-18 14:38:51,1739885931,31.23,126.74,98.00,35.58
2025-02-18 14:38:52,1739885932,28.86,126.78,13.75,35.58
2025-02-18 14:38:53,1739885933,29.63,126.87,95.25,35.58
2025-02-18 14:38:54,1739885934,29.76,126.90,42.25,35.58
2025-02-18 14:38:56,1739885936,28.35,126.86,96.75,35.58
2025-02-18 14:38:57,1739885937,30.27,126.85,21.00,35.58
2025-02-18 14:38:58,1739885938,31.68,126.77,96.25,35.58
2025-02-18 14:38:59,1739885939,30.98,126.86,25.75,35.58
2025-02-18 14:39:01,1739885941,30.72,126.82,100.00,35.58
2025-02-18 14:39:02,1739885942,30.66,126.86,21.25,35.58
2025-02-18 14:39:03,1739885943,31.17,126.97,79.50,35.58
2025-02-18 14:39:04,1739885944,30.53,126.99,72.25,35.58
2025-02-18 14:39:06,1739885946,29.82,126.97,76.50,35.58
2025-02-18 14:39:07,1739885947,30.27,127.04,96.50,35.58
2025-02-18 14:39:08,1739885948,28.99,127.02,63.50,35.58
2025-02-18 14:39:09,1739885949,31.42,127.06,97.50,35.58
2025-02-18 14:39:11,1739885951,31.30,127.02,67.50,35.58
2025-02-18 14:39:12,1739885952,29.06,127.13,30.75,35.58
2025-02-18 14:39:13,1739885953,31.10,127.17,97.75,35.58
2025-02-18 14:39:14,1739885954,31.74,127.21,56.75,35.58
2025-02-18 14:39:16,1739885956,30.08,127.24,69.00,35.58
2025-02-18 14:39:17,1739885957,30.66,127.26,100.00,35.58
2025-02-18 14:39:18,1739885958,28.54,127.32,54.00,35.58
2025-02-18 14:39:19,1739885959,31.30,127.57,100.00,35.58
2025-02-18 14:39:21,1739885961,31.10,127.57,67.00,35.58
2025-02-18 14:39:22,1739885962,29.57,127.58,41.75,35.58
2025-02-18 14:39:23,1739885963,31.62,127.57,96.00,35.58
2025-02-18 14:39:24,1739885964,28.48,127.54,35.75,35.58
2025-02-18 14:39:26,1739885966,31.30,127.62,96.25,35.58
2025-02-18 14:39:27,1739885967,28.74,127.69,30.50,35.58
2025-02-18 14:39:28,1739885968,31.17,127.79,93.75,35.58
2025-02-18 14:39:29,1739885969,31.30,127.76,26.00,35.58
2025-02-18 14:39:31,1739885971,30.66,127.79,84.25,35.58
2025-02-18 14:39:32,1739885972,31.17,127.77,94.75,35.58
2025-02-18 14:39:33,1739885973,28.67,127.97,60.25,35.58
2025-02-18 14:39:34,1739885974,30.59,128.09,94.50,35.58
2025-02-18 14:39:35,1739885975,28.86,128.07,36.25,35.58
2025-02-18 14:39:37,1739885977,30.59,128.16,98.25,35.58
2025-02-18 14:39:38,1739885978,30.34,128.15,53.25,35.58
2025-02-18 14:39:39,1739885979,30.72,128.19,88.75,35.58
2025-02-18 14:39:40,1739885980,30.59,128.20,88.50,35.58
2025-02-18 14:39:42,1739885982,31.68,128.29,69.75,35.58
2025-02-18 14:39:43,1739885983,30.02,128.32,74.75,35.58
2025-02-18 14:39:44,1739885984,29.76,128.31,60.75,35.58
2025-02-18 14:39:45,1739885985,29.82,128.32,72.00,35.58
2025-02-18 14:39:47,1739885987,30.59,128.33,81.50,35.58
2025-02-18 14:39:48,1739885988,30.72,128.30,26.75,35.58
2025-02-18 14:39:49,1739885989,30.27,128.34,98.50,35.58
2025-02-18 14:39:50,1739885990,30.02,128.39,49.75,35.58
2025-02-18 14:39:52,1739885992,30.98,128.39,82.00,35.58
2025-02-18 14:39:53,1739885993,30.53,128.41,74.50,35.58
2025-02-18 14:39:54,1739885994,30.66,128.47,97.75,35.58
2025-02-18 14:39:55,1739885995,30.91,128.47,55.00,35.58
2025-02-18 14:39:57,1739885997,31.55,128.48,100.00,35.58
2025-02-18 14:39:58,1739885998,30.21,128.51,4.50,35.58
2025-02-18 14:39:59,1739885999,30.27,128.52,69.75,35.58
2025-02-18 14:40:00,1739886000,31.68,128.55,52.75,35.58
2025-02-18 14:40:01,1739886001,31.17,128.63,72.25,35.58
2025-02-18 14:40:03,1739886003,30.40,128.72,100.00,35.58
2025-02-18 14:40:04,1739886004,30.34,128.68,10.25,35.58
2025-02-18 14:40:05,1739886005,30.91,128.65,93.50,35.58
2025-02-18 14:40:06,1739886006,30.91,128.70,43.00,35.58
2025-02-18 14:40:08,1739886008,30.53,128.68,94.50,35.58
2025-02-18 14:40:09,1739886009,29.82,128.71,40.75,35.58
2025-02-18 14:40:10,1739886010,30.78,128.80,86.00,35.58
2025-02-18 14:40:11,1739886011,30.98,128.77,90.75,35.58
2025-02-18 14:40:13,1739886013,29.70,128.78,36.75,35.58
2025-02-18 14:40:14,1739886014,31.04,128.84,100.00,35.58
2025-02-18 14:40:15,1739886015,30.21,128.84,20.25,35.58
2025-02-18 14:40:17,1739886017,31.23,128.84,94.50,35.58
2025-02-18 14:40:18,1739886018,29.95,128.90,47.75,35.58
2025-02-18 14:40:19,1739886019,29.44,128.96,90.75,35.58
2025-02-18 14:40:20,1739886020,29.31,128.93,7.50,35.58
2025-02-18 14:40:22,1739886022,29.31,129.03,75.00,35.58
2025-02-18 14:40:23,1739886023,28.93,129.10,65.50,35.58
2025-02-18 14:40:24,1739886024,30.72,129.08,77.75,35.58
2025-02-18 14:40:25,1739886025,31.23,129.09,55.25,35.58
2025-02-18 14:40:27,1739886027,31.68,129.15,79.75,35.58
2025-02-18 14:40:28,1739886028,27.65,129.11,64.25,35.58
2025-02-18 14:40:29,1739886029,31.42,129.18,61.75,35.58
2025-02-18 14:40:30,1739886030,31.04,129.18,69.25,35.58
2025-02-18 14:40:32,1739886032,31.04,129.22,85.75,35.58
2025-02-18 14:40:33,1739886033,30.40,129.27,15.25,35.58
2025-02-18 14:40:34,1739886034,30.85,129.27,82.00,35.58
2025-02-18 14:40:35,1739886035,31.42,129.27,80.25,35.58
2025-02-18 14:40:37,1739886037,30.21,129.32,59.25,35.58
2025-02-18 14:40:38,1739886038,29.12,129.32,98.75,35.58
2025-02-18 14:40:39,1739886039,28.42,129.31,19.25,35.58
2025-02-18 14:40:40,1739886040,30.85,129.39,97.25,35.58
2025-02-18 14:40:42,1739886042,30.85,129.41,19.00,35.58
2025-02-18 14:40:43,1739886043,31.81,129.37,73.00,35.58
2025-02-18 14:40:44,1739886044,30.53,129.42,100.00,35.58
2025-02-18 14:40:45,1739886045,28.29,129.45,0.50,35.58
2025-02-18 14:40:47,1739886047,30.98,129.49,95.50,35.58
2025-02-18 14:40:48,1739886048,29.12,129.49,13.50,35.58
2025-02-18 14:40:49,1739886049,30.85,129.51,73.25,35.58
2025-02-18 14:40:50,1739886050,29.89,129.56,92.50,35.58
2025-02-18 14:40:52,1739886052,31.17,129.56,83.75,35.58
2025-02-18 14:40:53,1739886053,29.44,129.61,50.00,35.58
2025-02-18 14:40:54,1739886054,31.81,129.60,52.50,35.58
2025-02-18 14:40:55,1739886055,30.72,129.54,86.00,35.58
2025-02-18 14:40:57,1739886057,30.02,129.59,19.75,35.58
2025-02-18 14:40:58,1739886058,30.78,129.66,96.75,35.58
2025-02-18 14:40:59,1739886059,30.78,129.64,33.50,35.58
2025-02-18 14:41:00,1739886060,30.98,129.67,97.00,35.58
2025-02-18 14:41:02,1739886062,30.59,129.72,35.50,35.58
2025-02-18 14:41:03,1739886063,28.67,129.69,71.75,35.58
2025-02-18 14:41:04,1739886064,29.76,129.74,55.00,35.58
2025-02-18 14:41:05,1739886065,30.59,129.79,53.75,35.58
2025-02-18 14:41:07,1739886067,30.78,129.76,65.75,35.58
2025-02-18 14:41:08,1739886068,30.14,129.79,68.25,35.58
2025-02-18 14:41:09,1739886069,30.08,129.89,65.50,35.58
2025-02-18 14:41:10,1739886070,30.02,129.83,60.00,35.58
2025-02-18 14:41:12,1739886072,27.84,130.17,68.75,35.58
2025-02-18 14:41:13,1739886073,30.91,130.23,62.25,35.58
2025-02-18 14:41:14,1739886074,31.42,130.24,75.25,35.58
2025-02-18 14:41:15,1739886075,30.34,130.29,71.50,35.58
2025-02-18 14:41:17,1739886077,30.40,130.31,98.00,35.58
2025-02-18 14:41:18,1739886078,30.59,130.31,55.00,35.58
2025-02-18 14:41:19,1739886079,31.36,130.33,97.50,35.58
2025-02-18 14:41:20,1739886080,30.40,130.38,20.75,35.58
2025-02-18 14:41:22,1739886082,29.31,130.40,82.75,35.58
2025-02-18 14:41:23,1739886083,31.55,130.45,100.00,35.58
2025-02-18 14:41:24,1739886084,30.98,130.48,24.00,35.58
2025-02-18 14:41:25,1739886085,30.27,130.44,88.50,35.58
2025-02-18 14:41:27,1739886087,30.53,130.44,52.25,35.58
2025-02-18 14:41:28,1739886088,31.42,130.49,98.50,35.58
2025-02-18 14:41:29,1739886089,30.91,130.51,45.50,35.58
2025-02-18 14:41:30,1739886090,30.34,130.53,48.25,35.58
2025-02-18 14:41:32,1739886092,29.70,130.56,50.25,35.58
2025-02-18 14:41:33,1739886093,31.10,130.61,71.00,35.58
2025-02-18 14:41:34,1739886094,30.40,130.56,65.75,35.58
2025-02-18 14:41:35,1739886095,30.46,130.62,70.25,35.58
2025-02-18 14:41:37,1739886097,31.55,130.62,51.25,35.58
2025-02-18 14:41:38,1739886098,31.68,130.60,67.75,35.58
2025-02-18 14:41:39,1739886099,32.00,130.65,80.75,35.58
2025-02-18 14:41:40,1739886100,31.62,130.70,74.50,35.58
2025-02-18 14:41:42,1739886102,31.68,130.75,70.00,35.58
2025-02-18 14:41:43,1739886103,31.68,130.72,71.50,35.58
2025-02-18 14:41:44,1739886104,31.30,130.69,55.75,35.58
2025-02-18 14:41:45,1739886105,29.76,130.73,45.75,35.58
2025-02-18 14:41:47,1739886107,29.50,130.69,79.25,35.58
2025-02-18 14:41:48,1739886108,31.55,130.76,63.00,35.58
2025-02-18 14:41:49,1739886109,30.78,130.79,60.50,35.58
2025-02-18 14:41:50,1739886110,28.86,130.66,69.50,35.58
2025-02-18 14:41:51,1739886111,31.42,130.68,74.25,35.58
2025-02-18 14:41:53,1739886113,31.10,130.75,95.25,35.58
2025-02-18 14:41:54,1739886114,28.35,130.79,32.75,35.58
2025-02-18 14:41:55,1739886115,30.91,130.79,92.25,35.58
2025-02-18 14:41:56,1739886116,30.34,130.78,85.25,35.58
2025-02-18 14:41:58,1739886118,30.66,130.82,60.00,35.58
2025-02-18 14:41:59,1739886119,30.14,130.70,94.75,35.58
2025-02-18 14:42:00,1739886120,30.85,130.76,12.75,35.58
2025-02-18 14:42:02,1739886122,31.42,130.82,85.00,35.58
2025-02-18 14:42:03,1739886123,29.31,130.83,59.25,35.58
2025-02-18 14:42:04,1739886124,30.91,130.89,66.50,35.58
2025-02-18 14:42:05,1739886125,31.62,130.89,100.00,35.58
2025-02-18 14:42:06,1739886126,29.89,130.87,38.75,35.58
2025-02-18 14:42:08,1739886128,30.21,130.93,100.00,35.58
2025-02-18 14:42:09,1739886129,30.66,130.99,67.25,35.58
2025-02-18 14:42:10,1739886130,31.30,130.95,46.50,35.58
2025-02-18 14:42:12,1739886132,31.23,131.00,83.25,35.58
2025-02-18 14:42:13,1739886133,29.18,131.01,52.25,35.58
2025-02-18 14:42:14,1739886134,31.23,131.02,74.25,35.58
2025-02-18 14:42:15,1739886135,30.98,131.03,73.25,35.58
2025-02-18 14:42:16,1739886136,28.35,131.09,32.25,35.58
2025-02-18 14:42:18,1739886138,31.17,131.09,100.00,35.58
2025-02-18 14:42:19,1739886139,27.90,131.14,56.50,35.58
2025-02-18 14:42:20,1739886140,30.98,131.17,98.75,35.58
2025-02-18 14:42:21,1739886141,31.30,131.17,12.75,35.58
2025-02-18 14:42:23,1739886143,30.46,131.19,89.00,35.58
2025-02-18 14:42:24,1739886144,30.85,131.22,62.50,35.58
2025-02-18 14:42:25,1739886145,30.85,131.26,96.75,35.58
2025-02-18 14:42:27,1739886147,28.99,131.25,26.00,35.58
2025-02-18 14:42:28,1739886148,30.59,131.27,96.00,35.58
2025-02-18 14:42:29,1739886149,30.08,131.24,38.00,35.58
2025-02-18 14:42:30,1739886150,31.49,131.23,95.75,35.58
2025-02-18 14:42:31,1739886151,29.57,131.23,12.75,35.58
2025-02-18 14:42:33,1739886153,31.10,131.37,85.25,35.58
2025-02-18 14:42:34,1739886154,30.98,131.31,51.25,35.58
2025-02-18 14:42:35,1739886155,29.12,131.29,57.75,35.58
2025-02-18 14:42:36,1739886156,31.04,131.32,99.25,35.58
2025-02-18 14:42:38,1739886158,30.27,131.32,29.50,35.58
2025-02-18 14:42:39,1739886159,31.10,131.38,53.50,35.58
2025-02-18 14:42:40,1739886160,28.42,131.45,71.75,35.58
2025-02-18 14:42:42,1739886162,30.72,131.44,56.75,35.58
2025-02-18 14:42:43,1739886163,30.40,131.44,72.75,35.58
2025-02-18 14:42:44,1739886164,31.04,131.50,78.00,35.58
2025-02-18 14:42:45,1739886165,30.40,131.46,80.50,35.58
2025-02-18 14:42:47,1739886167,31.42,131.47,82.00,35.58
2025-02-18 14:42:48,1739886168,30.91,131.55,59.25,35.58
2025-02-18 14:42:49,1739886169,29.44,131.41,83.00,35.58
2025-02-18 14:42:50,1739886170,30.59,131.42,76.75,35.58
2025-02-18 14:42:52,1739886172,29.70,131.47,51.00,35.58
2025-02-18 14:42:53,1739886173,31.04,131.51,44.25,35.58
2025-02-18 14:42:54,1739886174,31.04,131.49,64.75,35.58
2025-02-18 14:42:55,1739886175,31.36,131.53,64.50,35.58
2025-02-18 14:42:57,1739886177,29.95,131.58,87.75,35.58
2025-02-18 14:42:58,1739886178,31.30,131.53,66.75,35.58
2025-02-18 14:42:59,1739886179,30.02,131.52,89.50,35.58
2025-02-18 14:43:00,1739886180,30.59,131.52,82.00,35.58
2025-02-18 14:43:02,1739886182,30.27,131.53,76.25,35.58
2025-02-18 14:43:03,1739886183,30.53,131.54,58.25,35.58
2025-02-18 14:43:04,1739886184,31.49,131.66,70.75,35.58
2025-02-18 14:43:05,1739886185,30.59,131.78,61.25,35.58
2025-02-18 14:43:07,1739886187,30.53,131.83,79.50,35.58
2025-02-18 14:43:08,1739886188,30.34,131.83,62.50,35.58
2025-02-18 14:43:09,1739886189,30.40,131.83,61.25,35.58
2025-02-18 14:43:10,1739886190,31.49,131.61,80.75,35.58
2025-02-18 14:43:12,1739886192,31.10,131.73,84.75,35.58
2025-02-18 14:43:13,1739886193,29.57,131.74,76.25,35.58
2025-02-18 14:43:14,1739886194,31.49,131.77,77.00,35.58
2025-02-18 14:43:15,1739886195,29.50,131.82,68.25,35.58
2025-02-18 14:43:17,1739886197,30.78,131.79,45.75,35.58
2025-02-18 14:43:18,1739886198,29.50,131.86,69.50,35.58
2025-02-18 14:43:19,1739886199,31.30,131.77,78.25,35.58
2025-02-18 14:43:20,1739886200,31.36,131.81,64.00,35.58
2025-02-18 14:43:22,1739886202,26.56,131.79,55.25,35.58
2025-02-18 14:43:23,1739886203,30.85,131.79,56.00,35.58
2025-02-18 14:43:24,1739886204,31.74,131.82,78.50,35.58
2025-02-18 14:43:25,1739886205,30.78,131.83,78.75,35.58
2025-02-18 14:43:26,1739886206,29.63,131.83,62.00,35.58
2025-02-18 14:43:28,1739886208,30.91,131.87,66.75,35.58
2025-02-18 14:43:29,1739886209,30.40,131.89,59.00,35.58
2025-02-18 14:43:30,1739886210,30.34,131.92,86.00,35.58
2025-02-18 14:43:31,1739886211,30.21,131.95,60.25,35.58
2025-02-18 14:43:33,1739886213,31.17,132.04,90.50,35.58
2025-02-18 14:43:34,1739886214,30.14,132.14,61.75,35.58
2025-02-18 14:43:35,1739886215,30.72,132.18,63.50,35.58
2025-02-18 14:43:36,1739886216,30.85,132.02,95.50,35.58
2025-02-18 14:43:38,1739886218,30.98,132.08,73.00,35.58
2025-02-18 14:43:39,1739886219,30.78,132.15,51.00,35.58
2025-02-18 14:43:40,1739886220,28.80,132.07,79.25,35.58
2025-02-18 14:43:41,1739886221,31.17,132.09,70.25,35.58
2025-02-18 14:43:43,1739886223,30.21,132.18,58.50,35.58
2025-02-18 14:43:44,1739886224,30.72,132.19,74.75,35.58
2025-02-18 14:43:45,1739886225,31.36,132.17,78.25,35.58
2025-02-18 14:43:46,1739886226,29.44,132.20,90.75,35.58
2025-02-18 14:43:48,1739886228,29.76,132.22,78.50,35.58
2025-02-18 14:43:49,1739886229,31.04,132.23,58.75,35.58
2025-02-18 14:43:50,1739886230,29.76,132.25,82.75,35.58
2025-02-18 14:43:51,1739886231,31.42,132.28,51.25,35.58
2025-02-18 14:43:53,1739886233,31.17,132.32,65.75,35.58
2025-02-18 14:43:54,1739886234,29.06,132.35,56.00,35.58
2025-02-18 14:43:55,1739886235,29.31,132.35,67.00,35.58
2025-02-18 14:43:56,1739886236,30.85,132.36,84.00,35.58
2025-02-18 14:43:57,1739886237,31.42,132.35,75.75,35.58
2025-02-18 14:43:59,1739886239,30.98,132.38,74.50,35.58
2025-02-18 14:44:00,1739886240,30.59,132.38,100.00,35.58
2025-02-18 14:44:01,1739886241,29.95,132.40,34.25,35.58
2025-02-18 14:44:03,1739886243,30.46,132.44,89.25,35.58
2025-02-18 14:44:04,1739886244,29.89,132.42,43.00,35.58
2025-02-18 14:44:05,1739886245,31.30,132.48,93.25,35.58
2025-02-18 14:44:06,1739886246,28.16,132.49,50.25,35.58
2025-02-18 14:44:07,1739886247,30.66,132.50,93.25,35.58
2025-02-18 14:44:09,1739886249,31.23,132.54,74.25,35.58
2025-02-18 14:44:10,1739886250,27.71,132.57,33.25,35.58
2025-02-18 14:44:11,1739886251,31.42,132.56,89.50,35.58
2025-02-18 14:44:12,1739886252,25.54,132.58,63.50,35.58
2025-02-18 14:44:14,1739886254,31.10,132.60,92.75,35.58
2025-02-18 14:44:15,1739886255,30.21,132.57,87.25,35.58
2025-02-18 14:44:16,1739886256,31.62,132.56,97.00,35.58
2025-02-18 14:44:17,1739886257,30.21,132.59,37.25,35.58
2025-02-18 14:44:19,1739886259,29.44,132.57,90.00,35.58
2025-02-18 14:44:20,1739886260,29.70,132.53,26.50,35.58
2025-02-18 14:44:21,1739886261,30.85,132.67,81.25,35.58
2025-02-18 14:44:22,1739886262,30.53,132.63,65.75,35.58
2025-02-18 14:44:24,1739886264,31.55,132.62,70.75,35.58
2025-02-18 14:44:25,1739886265,31.04,132.66,100.00,35.58
2025-02-18 14:44:26,1739886266,27.46,132.66,45.25,35.58
2025-02-18 14:44:27,1739886267,30.98,132.61,67.75,35.58
2025-02-18 14:44:29,1739886269,30.53,132.68,70.50,35.58
2025-02-18 14:44:30,1739886270,30.34,132.70,66.50,35.58
2025-02-18 14:44:31,1739886271,30.91,132.77,55.00,35.58
2025-02-18 14:44:32,1739886272,30.72,132.72,77.25,35.58
2025-02-18 14:44:34,1739886274,30.46,132.80,78.50,35.58
2025-02-18 14:44:35,1739886275,31.04,132.75,60.25,35.58
2025-02-18 14:44:36,1739886276,30.53,132.85,73.00,35.58
2025-02-18 14:44:37,1739886277,30.98,132.99,59.50,35.58
2025-02-18 14:44:38,1739886278,31.36,133.19,72.00,35.58
2025-02-18 14:44:40,1739886280,31.10,133.35,64.00,35.58
2025-02-18 14:44:41,1739886281,30.66,133.38,61.75,35.58
2025-02-18 14:44:42,1739886282,31.04,133.43,47.00,35.58
2025-02-18 14:44:43,1739886283,30.98,133.41,94.75,35.58
2025-02-18 14:44:45,1739886285,29.63,133.45,56.50,35.58
2025-02-18 14:44:46,1739886286,30.27,133.45,78.75,35.58
2025-02-18 14:44:47,1739886287,30.46,133.52,52.75,35.58
2025-02-18 14:44:48,1739886288,30.02,133.70,55.75,35.58
2025-02-18 14:44:50,1739886290,31.36,133.69,72.75,35.58
2025-02-18 14:44:51,1739886291,31.62,133.71,72.75,35.58
2025-02-18 14:44:52,1739886292,30.98,133.75,86.00,35.58
2025-02-18 14:44:53,1739886293,30.91,133.83,55.50,35.58
2025-02-18 14:44:55,1739886295,29.89,133.90,78.25,35.58
2025-02-18 14:44:56,1739886296,30.72,133.90,49.00,35.58
2025-02-18 14:44:57,1739886297,30.78,133.95,74.50,35.58
2025-02-18 14:44:58,1739886298,28.61,133.96,72.75,35.58
2025-02-18 14:45:00,1739886300,30.14,134.00,75.00,35.58
2025-02-18 14:45:01,1739886301,30.02,134.04,82.75,35.58
2025-02-18 14:45:02,1739886302,31.10,134.00,75.00,35.58
2025-02-18 14:45:03,1739886303,29.06,134.00,70.00,35.58
2025-02-18 14:45:05,1739886305,31.04,133.95,100.00,35.58
2025-02-18 14:45:06,1739886306,28.29,133.95,18.50,35.58
2025-02-18 14:45:07,1739886307,31.42,133.90,97.25,35.58
2025-02-18 14:45:08,1739886308,28.74,133.95,16.50,35.58
2025-02-18 14:45:10,1739886310,31.23,133.99,92.00,35.58
2025-02-18 14:45:11,1739886311,29.95,134.01,54.50,35.58
2025-02-18 14:45:12,1739886312,30.72,133.97,62.50,35.58
2025-02-18 14:45:13,1739886313,30.14,134.01,96.75,35.58
2025-02-18 14:45:15,1739886315,29.06,134.04,42.00,35.58
2025-02-18 14:45:16,1739886316,30.78,133.99,96.00,35.58
2025-02-18 14:45:17,1739886317,30.66,134.01,89.00,35.58
2025-02-18 14:45:18,1739886318,28.74,134.01,67.75,35.58
2025-02-18 14:45:20,1739886320,31.74,134.03,72.25,35.58
2025-02-18 14:45:21,1739886321,29.12,134.09,75.50,35.58
2025-02-18 14:45:22,1739886322,30.85,134.09,100.00,35.58
2025-02-18 14:45:23,1739886323,28.10,134.11,2.25,35.58
2025-02-18 14:45:25,1739886325,30.98,134.19,86.50,35.58
2025-02-18 14:45:26,1739886326,30.40,134.19,55.75,35.58
2025-02-18 14:45:27,1739886327,29.44,134.21,87.75,35.58
2025-02-18 14:45:28,1739886328,31.49,134.22,78.50,35.58
2025-02-18 14:45:30,1739886330,30.08,134.21,69.50,35.58
2025-02-18 14:45:31,1739886331,31.55,134.21,99.50,35.58
2025-02-18 14:45:32,1739886332,27.39,134.26,29.25,35.58
2025-02-18 14:45:33,1739886333,30.53,134.31,97.25,35.58
2025-02-18 14:45:35,1739886335,30.21,134.28,45.00,35.58
2025-02-18 14:45:36,1739886336,30.98,134.27,93.25,35.58
2025-02-18 14:45:37,1739886337,31.62,134.27,42.50,35.58
2025-02-18 14:45:38,1739886338,30.34,134.30,54.75,35.58
2025-02-18 14:45:40,1739886340,31.17,134.26,98.25,35.58
2025-02-18 14:45:41,1739886341,27.90,134.33,43.75,35.58
2025-02-18 14:45:42,1739886342,31.23,134.32,100.00,35.58
2025-02-18 14:45:43,1739886343,29.25,134.31,15.25,35.58
2025-02-18 14:45:45,1739886345,30.85,134.40,83.50,35.58
2025-02-18 14:45:46,1739886346,31.10,134.39,66.25,35.58
2025-02-18 14:45:47,1739886347,31.04,134.37,61.25,35.58
2025-02-18 14:45:48,1739886348,30.78,134.41,98.00,35.58
2025-02-18 14:45:50,1739886350,29.57,134.44,26.00,35.58
2025-02-18 14:45:51,1739886351,29.95,134.42,89.25,35.58
2025-02-18 14:45:52,1739886352,29.76,134.44,61.50,35.58
2025-02-18 14:45:53,1739886353,30.72,134.49,79.25,35.58
2025-02-18 14:45:55,1739886355,30.98,134.45,90.50,35.58
2025-02-18 14:45:56,1739886356,30.66,134.48,86.50,35.58
2025-02-18 14:45:57,1739886357,29.82,134.47,51.50,35.58
2025-02-18 14:45:58,1739886358,31.10,134.50,93.50,35.58
2025-02-18 14:46:00,1739886360,30.98,134.54,72.00,35.58
2025-02-18 14:46:01,1739886361,30.08,134.60,67.75,35.58
2025-02-18 14:46:02,1739886362,31.30,134.58,94.00,35.58
2025-02-18 14:46:03,1739886363,30.66,134.61,49.00,35.58
2025-02-18 14:46:05,1739886365,30.08,134.63,91.75,35.58
2025-02-18 14:46:06,1739886366,30.91,134.62,36.00,35.58
2025-02-18 14:46:07,1739886367,31.17,134.60,73.25,35.58
2025-02-18 14:46:08,1739886368,30.40,134.67,95.75,35.58
2025-02-18 14:46:10,1739886370,30.59,134.65,22.00,35.58
2025-02-18 14:46:11,1739886371,31.87,134.67,93.75,35.58
2025-02-18 14:46:12,1739886372,30.27,134.70,44.00,35.58
2025-02-18 14:46:13,1739886373,31.87,134.81,74.75,35.58
2025-02-18 14:46:15,1739886375,31.36,134.87,84.75,35.58
2025-02-18 14:46:16,1739886376,29.31,134.90,40.00,35.58
2025-02-18 14:46:17,1739886377,29.76,134.92,100.00,35.58
2025-02-18 14:46:18,1739886378,29.12,134.91,8.50,35.58
2025-02-18 14:46:20,1739886380,31.10,134.92,95.75,35.58
2025-02-18 14:46:21,1739886381,30.98,134.98,72.50,35.58
2025-02-18 14:46:22,1739886382,30.98,135.05,74.75,35.58
2025-02-18 14:46:23,1739886383,31.04,135.08,54.50,35.58
2025-02-18 14:46:25,1739886385,31.49,135.07,51.00,35.58
2025-02-18 14:46:26,1739886386,27.46,135.09,63.50,35.58
2025-02-18 14:46:27,1739886387,30.46,135.07,53.75,35.58
2025-02-18 14:46:28,1739886388,31.23,135.13,42.00,35.58
2025-02-18 14:46:30,1739886390,30.40,135.28,69.25,35.58
2025-02-18 14:46:31,1739886391,29.31,135.24,75.00,35.58
2025-02-18 14:46:32,1739886392,31.17,135.35,52.25,35.58
2025-02-18 14:46:33,1739886393,29.95,135.39,52.00,35.58
2025-02-18 14:46:35,1739886395,31.17,135.51,72.00,35.58
2025-02-18 14:46:36,1739886396,30.34,135.50,52.00,35.58
2025-02-18 14:46:37,1739886397,29.50,135.53,91.00,35.58
2025-02-18 14:46:38,1739886398,30.78,135.55,72.00,35.58
2025-02-18 14:46:39,1739886399,30.85,135.58,61.25,35.58
2025-02-18 14:46:41,1739886401,30.40,135.61,47.25,35.58
2025-02-18 14:46:42,1739886402,31.36,135.58,51.00,35.58
2025-02-18 14:46:43,1739886403,30.78,135.48,85.50,35.58
2025-02-18 14:46:45,1739886405,30.27,135.47,72.50,35.58
2025-02-18 14:46:46,1739886406,31.36,135.49,66.75,35.58
2025-02-18 14:46:47,1739886407,30.85,135.49,39.50,35.58
2025-02-18 14:46:48,1739886408,30.85,135.50,79.25,35.58
2025-02-18 14:46:50,1739886410,30.27,135.53,80.50,35.58
2025-02-18 14:46:51,1739886411,30.21,135.49,58.75,35.58
2025-02-18 14:46:52,1739886412,31.74,135.55,47.00,35.58
2025-02-18 14:46:53,1739886413,31.10,135.60,79.75,35.58
2025-02-18 14:46:55,1739886415,31.36,135.70,79.00,35.58
2025-02-18 14:46:56,1739886416,29.70,135.74,78.00,35.58
2025-02-18 14:46:57,1739886417,29.95,135.69,77.75,35.58
2025-02-18 14:46:58,1739886418,31.81,135.71,91.25,35.58
2025-02-18 14:46:59,1739886419,30.53,135.77,53.00,35.58
2025-02-18 14:47:01,1739886421,30.72,135.78,91.25,35.58
2025-02-18 14:47:02,1739886422,30.66,135.83,56.50,35.58
2025-02-18 14:47:03,1739886423,29.63,135.88,58.00,35.58
2025-02-18 14:47:04,1739886424,30.40,135.91,87.00,35.58
2025-02-18 14:47:06,1739886426,30.72,135.94,63.00,35.58
2025-02-18 14:47:07,1739886427,30.72,135.97,69.75,35.58
2025-02-18 14:47:08,1739886428,31.10,135.92,56.00,35.58
2025-02-18 14:47:10,1739886430,29.25,136.02,45.75,35.58
2025-02-18 14:47:11,1739886431,31.36,136.02,94.75,35.58
2025-02-18 14:47:12,1739886432,29.57,136.04,65.25,35.58
2025-02-18 14:47:13,1739886433,31.36,136.05,54.75,35.58
2025-02-18 14:47:14,1739886434,30.72,136.07,66.25,35.58
2025-02-18 14:47:16,1739886436,29.95,136.02,56.25,35.58
2025-02-18 14:47:17,1739886437,30.40,136.10,75.00,35.58
2025-02-18 14:47:18,1739886438,30.53,136.08,64.75,35.58
2025-02-18 14:47:20,1739886440,29.18,136.18,59.50,35.58
2025-02-18 14:47:21,1739886441,31.42,136.22,67.25,35.58
2025-02-18 14:47:22,1739886442,30.91,136.17,87.75,35.58
2025-02-18 14:47:23,1739886443,29.63,136.21,62.50,35.58
2025-02-18 14:47:25,1739886445,30.59,136.17,64.50,35.58
2025-02-18 14:47:26,1739886446,30.08,136.22,63.75,35.58
2025-02-18 14:47:27,1739886447,28.93,136.22,77.50,35.58
2025-02-18 14:47:28,1739886448,31.17,136.32,49.00,35.58
2025-02-18 14:47:30,1739886450,30.85,136.36,78.75,35.58
2025-02-18 14:47:31,1739886451,30.27,136.43,94.75,35.58
2025-02-18 14:47:32,1739886452,31.10,136.41,56.50,35.58
2025-02-18 14:47:33,1739886453,29.95,136.37,61.75,35.58
2025-02-18 14:47:34,1739886454,30.40,136.37,44.50,35.58
2025-02-18 14:47:36,1739886456,29.70,136.43,64.25,35.58
2025-02-18 14:47:37,1739886457,31.23,136.44,61.50,35.58
2025-02-18 14:47:38,1739886458,30.78,136.48,61.00,35.58
2025-02-18 14:47:40,1739886460,31.04,136.49,48.75,35.58
2025-02-18 14:47:41,1739886461,31.04,136.50,85.75,35.58
2025-02-18 14:47:42,1739886462,30.02,136.48,70.75,35.58
2025-02-18 14:47:43,1739886463,30.40,136.45,61.25,35.58
2025-02-18 14:47:45,1739886465,30.98,136.46,54.50,35.58
2025-02-18 14:47:46,1739886466,30.21,136.47,61.25,35.58
2025-02-18 14:47:47,1739886467,30.78,136.53,78.00,35.58
2025-02-18 14:47:48,1739886468,29.31,136.53,81.75,35.58
2025-02-18 14:47:49,1739886469,28.42,136.59,57.00,35.58
2025-02-18 14:47:51,1739886471,30.34,136.52,97.00,35.58
2025-02-18 14:47:52,1739886472,29.50,136.53,27.00,35.58
2025-02-18 14:47:53,1739886473,28.61,136.51,84.00,35.58
2025-02-18 14:47:54,1739886474,28.99,136.52,84.50,35.58
2025-02-18 14:47:56,1739886476,30.78,136.47,47.50,35.58
2025-02-18 14:47:57,1739886477,29.12,136.45,97.75,35.58
2025-02-18 14:47:58,1739886478,31.36,136.48,26.00,35.58
2025-02-18 14:47:59,1739886479,28.74,136.46,15.50,35.58
2025-02-18 14:48:01,1739886481,28.86,136.95,26.50,35.58
2025-02-18 14:48:02,1739886482,29.89,137.26,19.00,35.58
2025-02-18 14:48:03,1739886483,30.27,137.40,22.50,35.58
2025-02-18 14:48:04,1739886484,24.00,137.02,97.50,0.49
2025-02-18 14:48:06,1739886486,1.47,136.96,0.00,0.49
2025-02-18 14:48:07,1739886487,1.47,136.96,0.00,0.49
2025-02-18 14:48:08,1739886488,1.41,137.01,0.00,0.49
2025-02-18 14:48:09,1739886489,1.79,137.06,0.00,0.49
2025-02-18 14:48:11,1739886491,1.41,137.06,0.00,0.49
2025-02-18 14:48:12,1739886492,1.60,137.12,0.00,0.49
2025-02-18 14:48:13,1739886493,1.34,137.17,0.00,0.49
2025-02-18 14:48:14,1739886494,1.34,137.17,0.00,0.49
2025-02-18 14:48:16,1739886496,1.34,137.20,0.00,0.49
2025-02-18 14:48:17,1739886497,1.34,137.25,0.00,0.49
2025-02-18 14:48:18,1739886498,1.41,137.18,0.00,0.49
2025-02-18 14:48:19,1739886499,1.41,137.24,0.00,0.49
2025-02-18 14:48:21,1739886501,1.47,137.19,0.00,0.49
2025-02-18 14:48:22,1739886502,1.41,137.20,0.00,0.49
2025-02-18 14:48:23,1739886503,1.41,137.16,0.00,0.49
2025-02-18 14:48:24,1739886504,0.00,137.15,0.00,0.49
2025-02-18 14:48:25,1739886505,0.00,137.15,0.00,0.49
2025-02-18 14:48:27,1739886507,0.06,137.16,0.00,0.49
2025-02-18 14:48:28,1739886508,0.13,137.16,0.00,0.49
2025-02-18 14:48:29,1739886509,0.32,137.16,0.00,0.49
2025-02-18 14:48:30,1739886510,0.06,137.14,0.00,0.49
2025-02-18 14:48:32,1739886512,0.06,137.14,0.00,0.49
2025-02-18 14:48:33,1739886513,0.00,137.14,0.00,0.49
2025-02-18 14:48:34,1739886514,0.58,54.04,0.00,0.49
2025-02-18 14:48:35,1739886515,0.32,13.94,1.25,0.00
2025-02-18 14:48:37,1739886517,12.35,15.78,0.00,0.00
2025-02-18 14:48:38,1739886518,10.56,16.46,0.00,0.00
2025-02-18 14:48:39,1739886519,13.57,16.83,0.00,0.00
2025-02-18 14:48:40,1739886520,12.10,16.94,0.00,0.00
2025-02-18 14:48:42,1739886522,13.12,17.71,0.00,0.00
2025-02-18 14:48:43,1739886523,11.71,17.98,0.00,0.00
2025-02-18 14:48:44,1739886524,13.50,18.35,0.00,0.00
2025-02-18 14:48:45,1739886525,11.39,18.69,0.00,0.00
2025-02-18 14:48:47,1739886527,9.73,18.65,0.00,0.00
2025-02-18 14:48:48,1739886528,10.75,18.86,0.00,0.00
2025-02-18 14:48:49,1739886529,10.43,19.12,0.00,0.00
2025-02-18 14:48:50,1739886530,9.98,19.13,0.00,0.00
2025-02-18 14:48:51,1739886531,12.48,19.50,0.00,0.00
2025-02-18 14:48:53,1739886533,10.94,20.49,0.00,0.00
2025-02-18 14:48:54,1739886534,12.67,20.53,0.00,0.00
2025-02-18 14:48:55,1739886535,12.42,20.57,0.00,0.00
2025-02-18 14:48:56,1739886536,12.74,20.55,0.00,0.00
2025-02-18 14:48:58,1739886538,15.42,21.14,0.00,0.00
2025-02-18 14:48:59,1739886539,8.64,21.16,0.00,0.00
2025-02-18 14:49:00,1739886540,12.03,21.11,0.00,0.00
2025-02-18 14:49:01,1739886541,12.35,21.10,0.00,0.00
2025-02-18 14:49:03,1739886543,9.09,21.34,0.00,0.00
2025-02-18 14:49:04,1739886544,10.50,22.43,0.00,0.00
2025-02-18 14:49:05,1739886545,11.39,22.93,0.00,0.00
2025-02-18 14:49:06,1739886546,13.31,22.95,0.00,0.00
2025-02-18 14:49:08,1739886548,13.89,23.59,0.00,0.00
2025-02-18 14:49:09,1739886549,9.98,24.04,0.00,0.00
2025-02-18 14:49:10,1739886550,13.18,24.06,0.00,0.00
2025-02-18 14:49:11,1739886551,12.80,24.05,0.00,0.00
2025-02-18 14:49:13,1739886553,8.58,24.09,0.00,0.00
2025-02-18 14:49:14,1739886554,12.48,24.45,0.00,0.00
2025-02-18 14:49:15,1739886555,13.31,24.48,0.00,0.00
2025-02-18 14:49:16,1739886556,11.39,24.71,0.00,0.00
2025-02-18 14:49:17,1739886557,9.86,25.09,0.00,0.00
2025-02-18 14:49:19,1739886559,11.58,25.35,0.00,0.00
2025-02-18 14:49:20,1739886560,12.80,25.55,0.00,0.00
2025-02-18 14:49:21,1739886561,11.58,26.06,0.00,0.00
2025-02-18 14:49:22,1739886562,11.97,27.05,0.00,0.00
2025-02-18 14:49:24,1739886564,8.70,27.04,0.00,0.00
2025-02-18 14:49:25,1739886565,14.27,27.01,0.00,0.00
2025-02-18 14:49:26,1739886566,11.58,27.19,0.00,0.00
2025-02-18 14:49:27,1739886567,8.83,27.74,0.00,0.00
2025-02-18 14:49:29,1739886569,14.85,27.99,0.00,0.00
2025-02-18 14:49:30,1739886570,11.90,28.46,0.00,0.00
2025-02-18 14:49:31,1739886571,13.38,28.84,0.00,0.00
2025-02-18 14:49:32,1739886572,11.90,28.96,0.00,0.00
2025-02-18 14:49:33,1739886573,9.98,29.17,0.00,0.00
2025-02-18 14:49:35,1739886575,12.22,29.40,0.00,0.00
2025-02-18 14:49:36,1739886576,14.08,29.37,0.00,0.00
2025-02-18 14:49:37,1739886577,14.66,29.24,0.00,0.00
2025-02-18 14:49:38,1739886578,11.58,29.27,0.00,0.00
2025-02-18 14:49:40,1739886580,10.43,29.33,0.00,0.00
2025-02-18 14:49:41,1739886581,10.43,29.51,0.00,0.00
2025-02-18 14:49:42,1739886582,13.82,29.57,0.00,0.00
2025-02-18 14:49:43,1739886583,12.93,29.93,0.00,0.00
2025-02-18 14:49:45,1739886585,12.10,29.92,0.00,0.00
2025-02-18 14:49:46,1739886586,15.49,30.49,0.00,0.00
2025-02-18 14:49:47,1739886587,10.82,30.68,0.00,0.00
2025-02-18 14:49:48,1739886588,7.87,30.68,0.00,0.00
2025-02-18 14:49:50,1739886590,12.86,30.72,0.00,0.00
2025-02-18 14:49:51,1739886591,9.66,30.89,0.00,0.00
2025-02-18 14:49:52,1739886592,12.74,31.16,0.00,0.00
2025-02-18 14:49:53,1739886593,12.93,31.83,0.00,0.00
2025-02-18 14:49:55,1739886595,11.71,32.14,0.00,0.00
2025-02-18 14:49:56,1739886596,15.81,32.15,0.00,0.00
2025-02-18 14:49:57,1739886597,11.78,32.19,0.00,0.00
2025-02-18 14:49:58,1739886598,10.56,32.59,0.00,0.00
2025-02-18 14:50:00,1739886600,4.99,35.23,0.00,0.00
2025-02-18 14:50:01,1739886601,9.47,37.74,0.00,0.00
2025-02-18 14:50:02,1739886602,7.17,37.73,0.00,0.00
2025-02-18 14:50:03,1739886603,6.34,37.72,0.00,0.00
2025-02-18 14:50:04,1739886604,3.58,37.72,0.00,0.00
2025-02-18 14:50:06,1739886606,3.07,37.67,0.00,0.00
2025-02-18 14:50:07,1739886607,0.96,37.66,0.00,0.00
2025-02-18 14:50:08,1739886608,0.83,37.67,0.00,0.00
2025-02-18 14:50:09,1739886609,1.02,37.67,0.00,0.00
2025-02-18 14:50:11,1739886611,0.06,37.65,0.00,0.00
2025-02-18 14:50:12,1739886612,0.58,37.63,0.00,0.00
2025-02-18 14:50:13,1739886613,0.96,37.64,0.00,0.00
2025-02-18 14:50:14,1739886614,0.19,37.65,0.00,0.00
2025-02-18 14:50:16,1739886616,1.09,37.64,0.00,0.00
2025-02-18 14:50:17,1739886617,0.90,37.63,0.00,0.00
2025-02-18 14:50:18,1739886618,0.96,37.64,0.00,0.00
2025-02-18 14:50:19,1739886619,0.70,37.63,0.00,0.00
2025-02-18 14:50:21,1739886621,1.09,37.64,0.00,0.00
2025-02-18 14:50:22,1739886622,1.09,37.64,0.00,0.00
2025-02-18 14:50:23,1739886623,0.70,37.62,0.00,0.00
2025-02-18 14:50:24,1739886624,1.09,37.62,0.00,0.00
2025-02-18 14:50:26,1739886626,1.09,37.59,0.00,0.00
2025-02-18 14:50:27,1739886627,1.09,37.58,0.00,0.00
2025-02-18 14:50:28,1739886628,7.87,37.58,0.00,0.00
2025-02-18 14:50:29,1739886629,1.28,37.59,0.00,0.00
2025-02-18 14:50:31,1739886631,0.26,37.58,0.00,0.00
2025-02-18 14:50:32,1739886632,0.83,37.58,0.00,0.00
2025-02-18 14:50:33,1739886633,0.96,37.58,0.00,0.00
2025-02-18 14:50:34,1739886634,0.83,37.58,0.00,0.00
2025-02-18 14:50:36,1739886636,0.77,37.56,0.00,0.00
2025-02-18 14:50:37,1739886637,1.54,37.57,0.00,0.00
2025-02-18 14:50:38,1739886638,0.19,37.56,0.00,0.00
2025-02-18 14:50:39,1739886639,1.15,37.55,0.00,0.00
2025-02-18 14:50:41,1739886641,0.06,37.56,0.00,0.00
2025-02-18 14:50:42,1739886642,0.96,37.56,0.00,0.00
2025-02-18 14:50:43,1739886643,1.02,37.55,0.00,0.00
2025-02-18 14:50:44,1739886644,1.22,37.55,0.00,0.00
2025-02-18 14:50:45,1739886645,1.15,37.55,0.00,0.00
2025-02-18 14:50:47,1739886647,1.15,37.54,0.00,0.00
2025-02-18 14:50:48,1739886648,1.15,37.54,0.00,0.00
2025-02-18 14:50:49,1739886649,1.09,37.53,0.00,0.00
2025-02-18 14:50:50,1739886650,1.02,37.52,0.00,0.00
2025-02-18 14:50:52,1739886652,1.15,37.53,0.00,0.00
2025-02-18 14:50:53,1739886653,1.15,37.53,0.00,0.00
2025-02-18 14:50:54,1739886654,0.90,37.54,0.00,0.00
2025-02-18 14:50:55,1739886655,0.96,37.54,0.00,0.00
2025-02-18 14:50:57,1739886657,0.96,37.55,0.00,0.00
2025-02-18 14:50:58,1739886658,0.96,37.54,0.00,0.00
2025-02-18 14:50:59,1739886659,1.15,37.53,0.00,0.00
2025-02-18 14:51:00,1739886660,1.09,37.48,0.00,0.00
2025-02-18 14:51:02,1739886662,0.19,37.48,0.00,0.00
2025-02-18 14:51:03,1739886663,0.90,37.46,0.00,0.00
2025-02-18 14:51:04,1739886664,0.96,37.45,0.00,0.00
2025-02-18 14:51:05,1739886665,1.02,37.45,0.00,0.00
2025-02-18 14:51:07,1739886667,1.15,37.47,0.00,0.00
2025-02-18 14:51:08,1739886668,1.15,37.46,0.00,0.00
2025-02-18 14:51:09,1739886669,0.13,37.47,0.00,0.00
2025-02-18 14:51:10,1739886670,1.09,37.46,0.00,0.00
2025-02-18 14:51:12,1739886672,1.09,37.47,0.00,0.00
2025-02-18 14:51:13,1739886673,0.96,37.46,0.00,0.00
2025-02-18 14:51:14,1739886674,0.58,37.43,0.00,0.00
2025-02-18 14:51:15,1739886675,0.77,37.43,0.00,0.00
2025-02-18 14:51:17,1739886677,0.77,37.43,0.00,0.00
2025-02-18 14:51:18,1739886678,0.64,37.40,0.00,0.00
2025-02-18 14:51:19,1739886679,0.51,37.41,0.00,0.00
2025-02-18 14:51:20,1739886680,1.47,37.42,0.00,0.00
2025-02-18 14:51:22,1739886682,7.42,37.41,0.00,0.00
2025-02-18 14:51:23,1739886683,0.19,37.43,0.00,0.00
2025-02-18 14:51:24,1739886684,0.13,37.45,0.00,0.00
2025-02-18 14:51:25,1739886685,0.58,37.47,0.00,0.00
2025-02-18 14:51:27,1739886687,0.06,37.46,0.00,0.00
2025-02-18 14:51:28,1739886688,0.06,37.45,0.00,0.00
2025-02-18 14:51:29,1739886689,0.13,37.47,0.00,0.00
2025-02-18 14:51:30,1739886690,0.00,37.48,0.00,0.00
2025-02-18 14:51:31,1739886691,0.51,14.66,0.00,0.00
2025-02-18 14:51:33,1739886693,3.14,18.13,0.00,5.09
2025-02-18 14:51:34,1739886694,4.29,20.67,0.00,5.09
2025-02-18 14:51:36,1739886696,4.22,23.04,0.00,5.09
2025-02-18 14:51:37,1739886697,4.22,25.55,0.00,5.09
2025-02-18 14:51:38,1739886698,4.22,28.68,0.00,5.09
2025-02-18 14:51:39,1739886699,4.22,31.65,0.00,5.09
2025-02-18 14:51:41,1739886701,5.25,34.80,0.00,5.09
2025-02-18 14:51:42,1739886702,4.42,37.48,0.00,5.09
2025-02-18 14:51:43,1739886703,5.70,39.58,16.00,7.25
2025-02-18 14:51:44,1739886704,5.63,41.61,28.75,7.54
2025-02-18 14:51:46,1739886706,5.63,42.52,25.75,7.54
2025-02-18 14:51:47,1739886707,5.82,42.83,20.50,7.54
2025-02-18 14:51:48,1739886708,5.70,43.19,28.00,7.54
2025-02-18 14:51:49,1739886709,5.63,44.51,18.00,7.54
2025-02-18 14:51:51,1739886711,5.95,45.84,20.75,7.54
2025-02-18 14:51:52,1739886712,5.76,46.22,18.75,7.54
2025-02-18 14:51:53,1739886713,5.70,46.24,25.75,7.54
2025-02-18 14:51:54,1739886714,5.76,46.25,22.25,7.54
2025-02-18 14:51:55,1739886715,6.66,46.89,32.50,7.54
2025-02-18 14:51:57,1739886717,6.21,47.31,32.75,7.54
2025-02-18 14:51:58,1739886718,5.57,47.72,32.00,7.54
2025-02-18 14:51:59,1739886719,5.95,48.31,33.75,7.54
2025-02-18 14:52:00,1739886720,5.63,48.34,25.50,7.54
2025-02-18 14:52:02,1739886722,5.70,48.65,22.00,7.54
2025-02-18 14:52:03,1739886723,4.03,48.63,21.75,7.54
2025-02-18 14:52:05,1739886725,9.22,48.65,30.25,7.54
2025-02-18 14:52:06,1739886726,5.76,48.69,27.00,7.54
2025-02-18 14:52:07,1739886727,5.76,48.79,17.75,7.54
2025-02-18 14:52:08,1739886728,5.76,49.90,17.75,7.54
2025-02-18 14:52:10,1739886730,5.63,50.76,11.00,7.54
2025-02-18 14:52:11,1739886731,5.57,51.71,16.75,7.54
2025-02-18 14:52:12,1739886732,5.63,52.32,19.75,7.54
2025-02-18 14:52:13,1739886733,5.70,52.36,22.00,7.54
2025-02-18 14:52:15,1739886735,5.63,52.94,20.00,7.54
2025-02-18 14:52:16,1739886736,5.50,54.39,20.25,7.54
2025-02-18 14:52:17,1739886737,5.70,56.37,21.50,7.54
2025-02-18 14:52:18,1739886738,5.76,57.33,22.25,7.54
2025-02-18 14:52:19,1739886739,5.70,57.55,29.50,7.54
2025-02-18 14:52:21,1739886741,5.76,57.56,31.00,7.54
2025-02-18 14:52:22,1739886742,5.57,57.57,23.00,7.54
2025-02-18 14:52:23,1739886743,5.70,57.58,32.50,7.54
2025-02-18 14:52:24,1739886744,5.63,57.99,23.75,7.54
2025-02-18 14:52:26,1739886746,5.70,58.14,34.75,7.54
2025-02-18 14:52:27,1739886747,5.70,58.55,34.00,7.54
2025-02-18 14:52:28,1739886748,6.08,59.63,33.50,7.54
2025-02-18 14:52:29,1739886749,5.89,60.87,29.50,7.54
2025-02-18 14:52:31,1739886751,5.70,61.71,25.25,7.54
2025-02-18 14:52:32,1739886752,5.70,61.74,18.75,7.54
2025-02-18 14:52:33,1739886753,5.70,62.59,33.00,7.54
2025-02-18 14:52:34,1739886754,3.97,62.52,24.75,7.54
2025-02-18 14:52:36,1739886756,5.63,62.49,27.00,7.54
2025-02-18 14:52:37,1739886757,5.50,62.45,22.25,7.54
2025-02-18 14:52:38,1739886758,5.63,62.50,25.25,7.54
2025-02-18 14:52:39,1739886759,5.63,62.51,23.75,7.54
2025-02-18 14:52:41,1739886761,5.70,62.69,24.50,7.54
2025-02-18 14:52:42,1739886762,5.70,62.70,24.50,7.54
2025-02-18 14:52:43,1739886763,5.57,64.05,34.75,7.54
2025-02-18 14:52:44,1739886764,5.70,64.75,26.25,7.54
2025-02-18 14:52:46,1739886766,5.76,65.91,35.00,7.54
2025-02-18 14:52:47,1739886767,5.76,66.95,19.75,7.54
2025-02-18 14:52:48,1739886768,5.63,67.51,28.50,7.54
2025-02-18 14:52:49,1739886769,5.63,67.45,26.00,7.54
2025-02-18 14:52:51,1739886771,5.63,67.38,34.25,7.54
2025-02-18 14:52:52,1739886772,5.63,67.35,24.75,7.54
2025-02-18 14:52:53,1739886773,5.57,67.41,25.00,7.54
2025-02-18 14:52:54,1739886774,5.50,67.48,27.75,7.54
2025-02-18 14:52:56,1739886776,5.89,67.77,30.50,7.54
2025-02-18 14:52:57,1739886777,5.57,68.75,23.75,7.54
2025-02-18 14:52:58,1739886778,5.89,68.76,24.00,7.54
2025-02-18 14:52:59,1739886779,5.70,68.68,19.75,7.54
2025-02-18 14:53:00,1739886780,5.76,68.62,22.75,7.54
2025-02-18 14:53:02,1739886782,5.89,71.50,21.50,7.54
2025-02-18 14:53:03,1739886783,5.63,74.22,15.00,7.54
2025-02-18 14:53:04,1739886784,8.06,76.23,18.75,7.54
2025-02-18 14:53:06,1739886786,5.95,77.29,41.75,7.54
2025-02-18 14:53:07,1739886787,5.70,77.36,31.50,7.54
2025-02-18 14:53:08,1739886788,5.50,77.28,22.50,7.54
2025-02-18 14:53:09,1739886789,5.63,77.28,23.25,7.54
2025-02-18 14:53:11,1739886791,5.63,77.42,21.50,7.54
2025-02-18 14:53:12,1739886792,5.70,77.41,24.00,7.54
2025-02-18 14:53:13,1739886793,5.70,77.39,32.75,7.54
2025-02-18 14:53:14,1739886794,5.63,77.40,26.00,7.54
2025-02-18 14:53:16,1739886796,6.14,77.34,22.25,7.54
2025-02-18 14:53:17,1739886797,5.70,77.34,26.25,7.54
2025-02-18 14:53:18,1739886798,5.57,77.38,22.75,7.54
2025-02-18 14:53:19,1739886799,5.70,77.31,28.75,7.54
2025-02-18 14:53:21,1739886801,5.63,77.39,21.75,7.54
2025-02-18 14:53:22,1739886802,5.57,77.48,27.50,7.54
2025-02-18 14:53:23,1739886803,5.70,77.57,14.00,7.54
2025-02-18 14:53:24,1739886804,5.63,77.57,19.00,7.54
2025-02-18 14:53:26,1739886806,5.57,77.63,24.00,7.54
2025-02-18 14:53:27,1739886807,5.44,77.63,30.25,7.54
2025-02-18 14:53:28,1739886808,5.89,77.65,30.25,7.54
2025-02-18 14:53:29,1739886809,5.76,77.58,21.50,7.54
2025-02-18 14:53:30,1739886810,6.91,77.37,24.50,7.54
2025-02-18 14:53:32,1739886812,5.70,77.17,32.50,7.54
2025-02-18 14:53:33,1739886813,5.76,77.29,22.25,7.54
2025-02-18 14:53:34,1739886814,5.63,77.28,33.25,7.54
2025-02-18 14:53:35,1739886815,5.70,77.35,25.25,7.54
2025-02-18 14:53:37,1739886817,5.70,77.39,21.00,7.54
2025-02-18 14:53:38,1739886818,5.76,77.43,18.50,7.54
2025-02-18 14:53:39,1739886819,5.57,77.35,22.25,7.54
2025-02-18 14:53:40,1739886820,5.63,77.35,20.00,7.54
2025-02-18 14:53:42,1739886822,5.70,77.34,24.50,7.54
2025-02-18 14:53:43,1739886823,5.76,77.45,25.75,7.54
2025-02-18 14:53:44,1739886824,5.57,77.34,24.50,7.54
2025-02-18 14:53:45,1739886825,5.70,77.39,28.00,7.54
2025-02-18 14:53:47,1739886827,5.50,77.37,24.75,7.54
2025-02-18 14:53:48,1739886828,5.76,77.35,24.00,7.54
2025-02-18 14:53:49,1739886829,5.76,77.36,25.00,7.54
2025-02-18 14:53:50,1739886830,8.64,77.36,23.50,7.54
2025-02-18 14:53:52,1739886832,5.63,77.53,21.00,7.54
2025-02-18 14:53:53,1739886833,5.70,77.50,32.25,7.54
2025-02-18 14:53:54,1739886834,5.63,77.52,35.00,7.54
2025-02-18 14:53:55,1739886835,5.82,77.58,21.25,7.54
2025-02-18 14:53:57,1739886837,5.63,77.45,21.75,7.54
2025-02-18 14:53:58,1739886838,5.63,77.45,22.50,7.54
2025-02-18 14:53:59,1739886839,5.70,77.56,23.50,7.54
2025-02-18 14:54:00,1739886840,5.57,77.60,32.00,7.54
2025-02-18 14:54:01,1739886841,5.70,77.58,32.75,7.54
2025-02-18 14:54:03,1739886843,5.57,77.58,26.25,7.54
2025-02-18 14:54:04,1739886844,5.44,77.63,22.75,7.54
2025-02-18 14:54:05,1739886845,5.63,77.59,23.75,7.54
2025-02-18 14:54:06,1739886846,5.76,77.66,32.25,7.54
2025-02-18 14:54:08,1739886848,5.50,77.68,42.75,7.54
2025-02-18 14:54:09,1739886849,5.76,77.71,26.00,7.54
2025-02-18 14:54:10,1739886850,5.57,77.74,30.00,7.54
2025-02-18 14:54:11,1739886851,5.63,77.73,36.00,7.54
2025-02-18 14:54:13,1739886853,5.63,77.82,36.00,7.54
2025-02-18 14:54:14,1739886854,5.63,77.80,25.00,7.54
2025-02-18 14:54:15,1739886855,5.82,77.78,22.50,7.54
2025-02-18 14:54:16,1739886856,5.63,77.84,20.50,7.54
2025-02-18 14:54:18,1739886858,5.70,77.84,22.25,7.54
2025-02-18 14:54:19,1739886859,5.76,77.84,20.00,7.54
2025-02-18 14:54:20,1739886860,5.82,77.88,19.50,7.54
2025-02-18 14:54:21,1739886861,3.97,77.73,23.75,7.54
2025-02-18 14:54:23,1739886863,5.89,77.53,34.00,7.54
2025-02-18 14:54:24,1739886864,5.70,77.62,14.50,7.54
2025-02-18 14:54:25,1739886865,5.63,77.72,25.50,7.54
2025-02-18 14:54:26,1739886866,5.57,77.66,31.75,7.54
2025-02-18 14:54:28,1739886868,5.57,77.71,17.75,7.54
2025-02-18 14:54:29,1739886869,5.63,77.72,21.00,7.54
2025-02-18 14:54:30,1739886870,5.63,77.71,21.25,7.54
2025-02-18 14:54:31,1739886871,5.76,77.79,23.75,7.54
2025-02-18 14:54:33,1739886873,5.57,77.80,21.00,7.54
2025-02-18 14:54:34,1739886874,5.63,77.78,24.00,7.54
2025-02-18 14:54:35,1739886875,5.63,77.92,21.00,7.54
2025-02-18 14:54:36,1739886876,5.82,77.96,24.00,7.54
2025-02-18 14:54:38,1739886878,5.70,77.93,23.25,7.54
2025-02-18 14:54:39,1739886879,5.63,77.97,24.50,7.54
2025-02-18 14:54:40,1739886880,5.70,78.03,24.25,7.54
2025-02-18 14:54:41,1739886881,6.02,78.01,21.25,7.54
2025-02-18 14:54:43,1739886883,5.63,78.02,26.00,7.54
2025-02-18 14:54:44,1739886884,5.63,78.09,22.75,7.54
2025-02-18 14:54:45,1739886885,5.70,78.17,22.00,7.54
2025-02-18 14:54:46,1739886886,5.63,78.32,21.75,7.54
2025-02-18 14:54:48,1739886888,5.70,78.09,22.75,7.54
2025-02-18 14:54:49,1739886889,5.63,78.05,36.75,7.54
2025-02-18 14:54:50,1739886890,5.76,78.18,28.50,7.54
2025-02-18 14:54:51,1739886891,5.57,78.23,27.00,7.54
2025-02-18 14:54:53,1739886893,5.82,78.23,33.00,7.54
2025-02-18 14:54:54,1739886894,5.63,78.26,30.00,7.54
2025-02-18 14:54:55,1739886895,5.70,78.29,32.50,7.54
2025-02-18 14:54:56,1739886896,5.70,78.32,24.50,7.54
2025-02-18 14:54:57,1739886897,5.57,78.35,22.50,7.54
2025-02-18 14:54:59,1739886899,5.76,78.30,28.50,7.54
2025-02-18 14:55:00,1739886900,5.76,78.41,23.50,7.54
2025-02-18 14:55:01,1739886901,5.63,78.35,23.50,7.54
2025-02-18 14:55:02,1739886902,5.57,78.47,22.75,7.54
2025-02-18 14:55:04,1739886904,5.76,78.59,22.25,7.54
2025-02-18 14:55:05,1739886905,5.70,78.62,24.00,7.54
2025-02-18 14:55:06,1739886906,5.76,78.60,34.50,7.54
2025-02-18 14:55:07,1739886907,5.70,78.57,35.50,7.54
2025-02-18 14:55:09,1739886909,5.63,78.48,32.00,7.54
2025-02-18 14:55:10,1739886910,5.63,78.46,21.00,7.54
2025-02-18 14:55:11,1739886911,5.70,78.41,29.50,7.54
2025-02-18 14:55:12,1739886912,5.63,78.44,22.75,7.54
2025-02-18 14:55:14,1739886914,5.57,78.52,26.50,7.54
2025-02-18 14:55:15,1739886915,5.70,78.62,34.00,7.54
2025-02-18 14:55:16,1739886916,5.70,78.48,32.50,7.54
2025-02-18 14:55:17,1739886917,7.42,78.60,26.50,7.54
2025-02-18 14:55:19,1739886919,5.82,78.35,21.25,7.54
2025-02-18 14:55:20,1739886920,5.63,78.43,35.25,7.54
2025-02-18 14:55:21,1739886921,5.76,78.47,30.00,7.54
2025-02-18 14:55:22,1739886922,5.70,78.46,33.75,7.54
2025-02-18 14:55:24,1739886924,5.57,78.51,24.50,7.54
2025-02-18 14:55:25,1739886925,5.63,78.54,25.25,7.54
2025-02-18 14:55:26,1739886926,5.63,78.57,23.00,7.54
2025-02-18 14:55:27,1739886927,5.89,78.36,32.25,7.54
2025-02-18 14:55:29,1739886929,13.57,78.21,22.50,7.54
2025-02-18 14:55:30,1739886930,7.49,78.22,0.00,7.54
2025-02-18 14:55:31,1739886931,5.31,78.18,13.00,7.54
2025-02-18 14:55:33,1739886933,9.34,78.07,0.00,7.54
2025-02-18 14:55:34,1739886934,4.22,78.00,4.25,7.54
2025-02-18 14:55:35,1739886935,8.06,78.00,24.00,7.54
2025-02-18 14:55:36,1739886936,8.32,77.91,26.75,7.54
2025-02-18 14:55:38,1739886938,4.16,77.85,0.00,7.54
2025-02-18 14:55:39,1739886939,6.98,77.78,29.50,7.54
2025-02-18 14:55:41,1739886941,5.18,77.89,10.50,7.54
2025-02-18 14:55:42,1739886942,5.06,77.77,3.25,7.54
2025-02-18 14:55:43,1739886943,5.57,77.79,0.00,7.54
2025-02-18 14:55:47,1739886947,5.44,77.73,0.00,7.54
2025-02-18 14:55:48,1739886948,5.63,77.90,0.00,7.54
2025-02-18 14:55:50,1739886950,5.70,77.89,0.00,7.54
2025-02-18 14:55:51,1739886951,4.80,77.90,41.50,7.54
2025-02-18 14:55:52,1739886952,4.99,77.95,9.75,7.54
2025-02-18 14:55:53,1739886953,4.86,78.05,0.00,7.54
2025-02-18 14:55:55,1739886955,6.27,78.03,0.00,7.54
2025-02-18 14:55:57,1739886957,4.93,40.55,18.25,7.54
2025-02-18 14:55:58,1739886958,4.74,43.28,20.00,7.54
2025-02-18 14:56:00,1739886960,4.03,44.84,18.75,7.54
2025-02-18 14:56:01,1739886961,1.98,44.81,0.00,5.45
2025-02-18 14:56:03,1739886963,2.05,45.09,0.00,5.45
2025-02-18 14:56:04,1739886964,2.05,45.07,0.00,5.45
2025-02-18 14:56:05,1739886965,2.05,45.09,0.00,5.45
2025-02-18 14:56:06,1739886966,2.05,45.09,1.00,5.45
2025-02-18 14:56:08,1739886968,1.09,45.10,0.00,5.45
2025-02-18 14:56:09,1739886969,1.09,45.09,0.00,5.45
2025-02-18 14:56:10,1739886970,1.09,45.08,0.00,5.45
2025-02-18 14:56:11,1739886971,1.02,45.07,0.00,5.45
2025-02-18 14:56:12,1739886972,1.09,45.07,0.00,5.45
2025-02-18 14:56:14,1739886974,1.02,45.07,0.00,5.45
2025-02-18 14:56:15,1739886975,0.90,45.24,0.00,5.45
2025-02-18 14:56:16,1739886976,1.47,45.40,0.00,5.45
2025-02-18 14:56:17,1739886977,0.77,45.45,0.00,5.45
2025-02-18 14:56:19,1739886979,1.15,45.50,0.00,5.45
2025-02-18 14:56:20,1739886980,1.22,45.55,0.00,5.45
2025-02-18 14:56:21,1739886981,0.90,45.54,0.00,5.45
2025-02-18 14:56:22,1739886982,0.58,45.53,0.00,5.45
2025-02-18 14:56:24,1739886984,1.15,45.53,0.00,5.45
2025-02-18 14:56:25,1739886985,0.90,45.51,0.00,5.45
2025-02-18 14:56:26,1739886986,1.54,45.49,0.00,5.45
2025-02-18 14:56:28,1739886988,0.90,45.48,0.00,5.45
2025-02-18 14:56:29,1739886989,1.34,45.49,0.00,5.45
2025-02-18 14:56:30,1739886990,1.60,45.48,0.00,5.45
2025-02-18 14:56:31,1739886991,1.28,45.47,0.00,5.45
2025-02-18 14:56:33,1739886993,1.60,45.46,0.00,5.45
2025-02-18 14:56:34,1739886994,0.38,45.44,0.00,5.45
2025-02-18 14:56:35,1739886995,0.45,45.43,0.00,5.45
2025-02-18 14:56:37,1739886997,0.70,45.43,0.00,5.45
2025-02-18 14:56:38,1739886998,1.92,45.41,0.00,5.45
2025-02-18 14:56:39,1739886999,1.60,45.41,0.00,5.45
2025-02-18 14:56:40,1739887000,1.73,45.40,0.00,5.45
2025-02-18 14:56:42,1739887002,1.28,45.39,0.00,5.45
2025-02-18 14:56:43,1739887003,1.28,45.37,0.00,5.45
2025-02-18 14:56:44,1739887004,0.32,45.36,0.00,5.45
2025-02-18 14:56:46,1739887006,1.47,45.36,0.00,5.45
2025-02-18 14:56:47,1739887007,0.96,45.36,0.00,5.45
2025-02-18 14:56:48,1739887008,2.05,45.35,0.00,5.45
2025-02-18 14:56:49,1739887009,1.15,45.35,0.00,5.45
2025-02-18 14:56:51,1739887011,1.54,45.34,0.00,5.45
2025-02-18 14:56:52,1739887012,2.18,45.33,0.00,5.45
2025-02-18 14:56:53,1739887013,1.98,45.33,0.00,5.45
2025-02-18 14:56:55,1739887015,1.79,45.33,0.00,5.45
2025-02-18 14:56:56,1739887016,1.41,45.32,0.00,5.45
2025-02-18 14:56:57,1739887017,1.73,45.31,0.00,5.45
2025-02-18 14:56:58,1739887018,1.47,45.33,0.00,5.45
2025-02-18 14:57:00,1739887020,1.47,45.32,0.00,5.45
2025-02-18 14:57:01,1739887021,1.02,45.32,0.00,5.45
2025-02-18 14:57:02,1739887022,1.66,45.31,0.00,5.45
2025-02-18 14:57:04,1739887024,1.47,45.31,0.00,5.45
2025-02-18 14:57:05,1739887025,1.86,45.31,0.00,5.45
2025-02-18 14:57:06,1739887026,0.19,45.30,0.00,5.45
2025-02-18 14:57:08,1739887028,0.19,45.29,0.00,5.45
2025-02-18 14:57:09,1739887029,0.06,45.29,0.00,5.45
2025-02-18 14:57:10,1739887030,0.19,45.28,0.00,5.45
2025-02-18 14:57:11,1739887031,0.96,45.28,0.00,5.45
2025-02-18 14:57:13,1739887033,0.90,45.28,0.00,5.45
2025-02-18 14:57:14,1739887034,0.77,45.28,0.00,5.45
2025-02-18 14:57:15,1739887035,0.38,45.27,0.00,5.45
2025-02-18 14:57:17,1739887037,0.13,45.27,0.00,5.45
2025-02-18 14:57:18,1739887038,0.45,45.27,0.00,5.45
2025-02-18 14:57:19,1739887039,0.13,45.27,0.00,5.45
2025-02-18 14:57:21,1739887041,0.45,45.26,0.00,5.45
2025-02-18 14:57:22,1739887042,0.19,45.27,0.00,5.45
2025-02-18 14:57:23,1739887043,0.38,45.26,0.00,5.45
2025-02-18 14:57:25,1739887045,0.19,45.26,0.00,5.45
2025-02-18 14:57:26,1739887046,0.26,45.25,0.00,5.45
2025-02-18 14:57:27,1739887047,0.77,45.24,0.00,5.45
2025-02-18 14:57:28,1739887048,0.51,45.25,0.00,5.45
2025-02-18 14:57:30,1739887050,0.64,45.25,0.00,5.45
2025-02-18 14:57:31,1739887051,0.26,45.25,0.00,5.45
2025-02-18 14:57:32,1739887052,0.58,45.25,0.00,5.45
2025-02-18 14:57:34,1739887054,1.47,45.25,0.00,5.45
2025-02-18 14:57:35,1739887055,0.51,45.25,0.00,5.45
2025-02-18 14:57:36,1739887056,0.70,45.26,0.00,5.45
2025-02-18 14:57:37,1739887057,0.13,45.26,0.00,5.45
2025-02-18 14:57:39,1739887059,0.19,45.26,0.00,5.45
2025-02-18 14:57:40,1739887060,0.26,45.25,0.00,5.45
2025-02-18 14:57:41,1739887061,0.32,45.26,0.00,5.45
2025-02-18 14:57:43,1739887063,0.90,45.24,0.00,5.45
2025-02-18 14:57:44,1739887064,0.32,45.25,0.00,5.45
2025-02-18 14:57:45,1739887065,0.26,45.24,0.00,5.45
2025-02-18 14:57:47,1739887067,0.96,45.23,0.00,5.45
2025-02-18 14:57:48,1739887068,0.38,45.22,0.00,5.45
2025-02-18 14:57:49,1739887069,0.45,45.22,0.00,5.45
2025-02-18 14:57:51,1739887071,0.96,45.22,0.00,5.45
2025-02-18 14:57:52,1739887072,0.32,45.22,0.00,5.45
2025-02-18 14:57:53,1739887073,0.38,45.21,0.00,5.45
2025-02-18 14:57:54,1739887074,0.13,45.22,0.00,5.45
2025-02-18 14:57:56,1739887076,0.19,45.21,0.00,5.45
2025-02-18 14:57:57,1739887077,0.38,45.21,0.00,5.45
2025-02-18 14:57:58,1739887078,0.77,45.22,0.00,5.45
2025-02-18 14:58:00,1739887080,0.45,45.23,0.00,5.45
2025-02-18 14:58:01,1739887081,0.19,45.21,0.00,5.45
2025-02-18 14:58:02,1739887082,1.73,45.20,0.00,5.45
2025-02-18 14:58:03,1739887083,0.77,45.21,0.00,5.45
2025-02-18 14:58:05,1739887085,0.19,45.22,0.00,5.45
2025-02-18 14:58:06,1739887086,0.32,45.21,0.00,5.45
2025-02-18 14:58:08,1739887088,0.58,45.20,0.00,5.45
2025-02-18 14:58:09,1739887089,1.09,45.19,0.00,5.45
2025-02-18 14:58:10,1739887090,0.32,45.20,0.00,5.45
2025-02-18 14:58:12,1739887092,0.26,45.19,0.00,5.45
2025-02-18 14:58:13,1739887093,0.26,45.17,0.00,5.45
2025-02-18 14:58:14,1739887094,1.22,45.16,0.00,5.45
2025-02-18 14:58:15,1739887095,0.45,45.14,0.00,5.45
2025-02-18 14:58:17,1739887097,0.32,45.15,0.00,5.45
2025-02-18 14:58:18,1739887098,0.38,45.13,0.00,5.45
2025-02-18 14:58:19,1739887099,0.19,45.13,0.00,5.45
2025-02-18 14:58:21,1739887101,0.26,45.13,0.00,5.45
2025-02-18 14:58:22,1739887102,0.45,45.13,0.00,5.45
2025-02-18 14:58:23,1739887103,0.26,45.13,0.00,5.45
2025-02-18 14:58:24,1739887104,0.26,45.13,0.00,5.45
2025-02-18 14:58:26,1739887106,0.19,45.13,0.00,5.45
2025-02-18 14:58:27,1739887107,0.26,45.13,0.00,5.45
2025-02-18 14:58:28,1739887108,5.06,45.15,0.00,5.45
2025-02-18 14:58:30,1739887110,0.19,45.15,0.00,5.45
2025-02-18 14:58:31,1739887111,1.22,45.15,0.00,5.45
2025-02-18 14:58:32,1739887112,0.26,45.15,0.00,5.45
2025-02-18 14:58:34,1739887114,1.41,45.16,0.00,5.45
2025-02-18 14:58:35,1739887115,0.26,45.16,0.00,5.45
2025-02-18 14:58:36,1739887116,0.26,45.16,0.00,5.45
2025-02-18 14:58:38,1739887118,0.32,45.15,0.00,5.45
2025-02-18 14:58:39,1739887119,0.32,45.15,0.00,5.45
2025-02-18 14:58:40,1739887120,0.32,45.15,0.00,5.45
2025-02-18 14:58:42,1739887122,0.38,45.14,0.00,5.45
2025-02-18 14:58:43,1739887123,0.38,45.14,0.00,5.45
2025-02-18 14:58:44,1739887124,0.45,45.14,0.00,5.45
2025-02-18 14:58:45,1739887125,0.38,45.15,0.00,5.45
2025-02-18 14:58:47,1739887127,0.26,45.14,0.00,5.45
2025-02-18 14:58:48,1739887128,0.51,45.14,0.00,5.45
2025-02-18 14:58:49,1739887129,1.66,45.13,0.00,5.45
2025-02-18 14:58:51,1739887131,0.13,45.12,0.00,5.45
2025-02-18 14:58:52,1739887132,0.26,45.12,0.00,5.45
2025-02-18 14:58:53,1739887133,0.83,45.12,0.00,5.45
2025-02-18 14:58:54,1739887134,0.26,45.11,0.00,5.45
2025-02-18 14:58:56,1739887136,0.26,45.11,0.00,5.45
2025-02-18 14:58:57,1739887137,0.19,45.11,0.00,5.45
2025-02-18 14:58:58,1739887138,0.90,45.11,0.00,5.45
2025-02-18 14:59:00,1739887140,1.54,45.09,0.00,5.45
2025-02-18 14:59:01,1739887141,3.71,45.09,0.00,5.45
2025-02-18 14:59:02,1739887142,3.14,45.08,0.00,5.45
2025-02-18 14:59:03,1739887143,0.96,45.08,0.00,5.45
2025-02-18 14:59:05,1739887145,0.70,45.07,0.00,5.45
2025-02-18 14:59:06,1739887146,0.51,45.07,0.00,5.45
2025-02-18 14:59:07,1739887147,1.09,45.06,0.00,5.45
2025-02-18 14:59:09,1739887149,1.98,45.06,0.00,5.45
2025-02-18 14:59:10,1739887150,0.32,45.04,0.00,5.45
2025-02-18 14:59:11,1739887151,0.64,45.03,0.00,5.45
2025-02-18 14:59:13,1739887153,1.54,45.03,0.00,5.45
2025-02-18 14:59:14,1739887154,0.26,45.02,0.00,5.45
2025-02-18 14:59:15,1739887155,0.26,45.03,0.00,5.45
2025-02-18 14:59:17,1739887157,1.28,45.02,0.00,5.45
2025-02-18 14:59:18,1739887158,0.26,45.03,0.00,5.45
2025-02-18 14:59:19,1739887159,0.26,45.01,0.00,5.45
2025-02-18 14:59:21,1739887161,0.51,45.01,0.00,5.45
2025-02-18 14:59:22,1739887162,0.32,44.99,0.00,5.45
2025-02-18 14:59:23,1739887163,0.77,44.98,0.00,5.45
2025-02-18 14:59:24,1739887164,1.28,44.99,0.00,5.45
2025-02-18 14:59:26,1739887166,0.64,44.99,0.00,5.45
2025-02-18 14:59:27,1739887167,12.80,44.98,0.00,5.45
2025-02-18 14:59:28,1739887168,5.25,44.98,0.00,5.45
2025-02-18 14:59:30,1739887170,0.26,44.98,0.00,5.45
2025-02-18 14:59:31,1739887171,0.19,44.97,0.00,5.45
2025-02-18 14:59:32,1739887172,0.26,44.97,0.00,5.45
2025-02-18 14:59:33,1739887173,0.19,44.95,0.00,5.45
2025-02-18 14:59:35,1739887175,0.26,44.94,0.00,5.45
2025-02-18 14:59:36,1739887176,0.26,44.94,0.00,5.45
2025-02-18 14:59:37,1739887177,0.06,44.94,0.00,5.45
2025-02-18 14:59:39,1739887179,0.38,44.93,0.00,5.45
2025-02-18 14:59:40,1739887180,0.45,44.93,0.00,5.45
2025-02-18 14:59:41,1739887181,0.45,44.93,0.00,5.45
2025-02-18 14:59:42,1739887182,0.26,44.92,0.00,5.45
2025-02-18 14:59:44,1739887184,3.90,44.92,0.00,5.45
2025-02-18 14:59:45,1739887185,0.38,44.89,0.00,5.45
2025-02-18 14:59:47,1739887187,0.70,44.91,0.00,5.45
2025-02-18 14:59:48,1739887188,0.32,44.91,0.00,5.45
2025-02-18 14:59:49,1739887189,6.08,44.88,0.00,5.45
2025-02-18 14:59:51,1739887191,0.32,44.87,0.00,5.45
2025-02-18 14:59:52,1739887192,0.26,44.86,0.00,5.45
2025-02-18 14:59:53,1739887193,0.45,44.84,0.00,5.45
2025-02-18 14:59:54,1739887194,3.52,44.82,0.00,5.45
2025-02-18 14:59:56,1739887196,0.32,44.82,0.00,5.45
2025-02-18 14:59:57,1739887197,0.45,44.80,0.00,5.45
2025-02-18 14:59:58,1739887198,2.30,44.82,0.00,5.45
2025-02-18 15:00:00,1739887200,1.54,44.81,0.00,5.45
2025-02-18 15:00:01,1739887201,0.13,44.79,0.00,5.45
2025-02-18 15:00:02,1739887202,0.19,44.79,0.00,5.45
2025-02-18 15:00:03,1739887203,11.78,44.77,0.00,5.45
2025-02-18 15:00:05,1739887205,0.51,44.76,0.00,5.45
2025-02-18 15:00:06,1739887206,0.26,44.76,0.00,5.45
2025-02-18 15:00:07,1739887207,0.26,44.75,0.00,5.45
2025-02-18 15:00:09,1739887209,0.26,44.75,0.00,5.45
2025-02-18 15:00:10,1739887210,0.19,44.76,0.00,5.45
2025-02-18 15:00:11,1739887211,0.26,44.76,0.00,5.45
2025-02-18 15:00:13,1739887213,0.51,44.76,0.00,5.45
2025-02-18 15:00:14,1739887214,0.13,44.74,0.00,5.45
2025-02-18 15:00:15,1739887215,0.19,44.74,0.00,5.45
2025-02-18 15:00:17,1739887217,0.26,44.73,0.00,5.45
2025-02-18 15:00:18,1739887218,2.30,44.73,0.00,5.45
2025-02-18 15:00:19,1739887219,0.32,44.71,0.00,5.45
2025-02-18 15:00:20,1739887220,0.58,44.72,0.00,5.45
2025-02-18 15:00:22,1739887222,0.58,44.71,0.00,5.45
2025-02-18 15:00:23,1739887223,0.51,44.34,0.00,5.45
2025-02-18 15:00:24,1739887224,0.51,43.87,0.00,5.45
2025-02-18 15:00:25,1739887225,0.51,43.43,0.00,5.45
2025-02-18 15:00:27,1739887227,0.51,43.00,0.00,5.45
2025-02-18 15:00:28,1739887228,0.51,42.57,0.00,5.45
2025-02-18 15:00:29,1739887229,1.02,42.16,0.00,5.45
2025-02-18 15:00:30,1739887230,0.58,40.63,0.00,0.48
2025-02-18 15:00:32,1739887232,0.45,14.91,0.00,0.47
2025-02-18 15:00:33,1739887233,0.19,13.19,0.00,0.00
2025-02-18 15:00:34,1739887234,0.26,13.18,0.00,0.00
2025-02-18 15:00:36,1739887236,0.19,13.18,0.00,0.00
2025-02-18 15:00:37,1739887237,0.26,13.18,0.00,0.00
2025-02-18 15:00:38,1739887238,0.26,13.20,0.00,0.00
2025-02-18 15:00:39,1739887239,0.45,13.17,0.00,0.00
2025-02-18 15:00:41,1739887241,0.26,13.19,0.00,0.00
2025-02-18 15:00:42,1739887242,0.13,13.19,0.00,0.00
2025-02-18 15:00:43,1739887243,0.26,13.20,0.00,0.00
2025-02-18 15:00:44,1739887244,0.19,13.20,0.00,0.00
2025-02-18 15:00:46,1739887246,0.26,13.21,0.00,0.00
2025-02-18 15:00:47,1739887247,0.19,13.22,0.00,0.00
2025-02-18 15:00:48,1739887248,0.19,13.23,0.00,0.00
2025-02-18 15:00:49,1739887249,0.19,13.22,0.00,0.00
2025-02-18 15:00:50,1739887250,0.19,13.22,0.00,0.00
2025-02-18 15:00:52,1739887252,0.19,13.22,0.00,0.00
2025-02-18 15:00:53,1739887253,0.26,13.23,0.00,0.00
2025-02-18 15:00:54,1739887254,0.19,13.22,0.00,0.00
2025-02-18 15:00:55,1739887255,0.19,13.23,0.00,0.00
2025-02-18 15:00:57,1739887257,0.13,13.23,0.00,0.00
2025-02-18 15:00:58,1739887258,0.19,13.23,0.00,0.00
2025-02-18 15:00:59,1739887259,0.32,13.25,0.00,0.00
2025-02-18 15:01:00,1739887260,0.13,13.25,0.00,0.00
2025-02-18 15:01:02,1739887262,0.19,13.26,0.00,0.00
2025-02-18 15:01:03,1739887263,0.19,13.26,0.00,0.00
2025-02-18 15:01:04,1739887264,0.26,13.26,0.00,0.00
2025-02-18 15:01:05,1739887265,0.13,13.27,0.00,0.00
2025-02-18 15:01:07,1739887267,0.26,13.27,0.00,0.00
2025-02-18 15:01:08,1739887268,0.26,13.27,0.00,0.00
2025-02-18 15:01:09,1739887269,0.19,13.27,0.00,0.00
2025-02-18 15:01:10,1739887270,0.26,13.28,0.00,0.00
2025-02-18 15:01:12,1739887272,0.19,13.27,0.00,0.00
2025-02-18 15:01:13,1739887273,0.26,13.28,0.00,0.00
2025-02-18 15:01:14,1739887274,0.13,13.28,0.00,0.00
2025-02-18 15:01:15,1739887275,0.13,13.27,0.00,0.00
2025-02-18 15:01:17,1739887277,0.19,13.28,0.00,0.00
2025-02-18 15:01:18,1739887278,0.13,13.27,0.00,0.00
2025-02-18 15:01:19,1739887279,0.19,13.28,0.00,0.00
2025-02-18 15:01:20,1739887280,0.58,13.26,0.00,0.00
2025-02-18 15:01:22,1739887282,0.19,13.27,0.00,0.00
2025-02-18 15:01:23,1739887283,0.19,13.28,0.00,0.00
2025-02-18 15:01:24,1739887284,0.19,13.27,0.00,0.00
2025-02-18 15:01:25,1739887285,0.13,13.28,0.00,0.00
2025-02-18 15:01:26,1739887286,0.19,13.28,0.00,0.00
2025-02-18 15:01:28,1739887288,0.13,13.29,0.00,0.00
2025-02-18 15:01:29,1739887289,0.26,13.27,0.00,0.00
2025-02-18 15:01:30,1739887290,0.19,13.26,0.00,0.00
2025-02-18 15:01:31,1739887291,0.19,13.25,0.00,0.00
2025-02-18 15:01:33,1739887293,0.19,13.24,0.00,0.00
2025-02-18 15:01:34,1739887294,0.26,13.23,0.00,0.00
2025-02-18 15:01:35,1739887295,0.26,13.23,0.00,0.00
2025-02-18 15:01:36,1739887296,0.26,13.24,0.00,0.00
2025-02-18 15:01:38,1739887298,0.19,13.22,0.00,0.00
2025-02-18 15:01:39,1739887299,0.13,13.22,0.00,0.00
2025-02-18 15:01:40,1739887300,0.19,13.21,0.00,0.00
2025-02-18 15:01:41,1739887301,0.19,13.21,0.00,0.00
2025-02-18 15:01:43,1739887303,0.13,13.21,0.00,0.00
2025-02-18 15:01:44,1739887304,0.19,13.22,0.00,0.00
2025-02-18 15:01:45,1739887305,0.26,13.24,0.00,0.00
2025-02-18 15:01:46,1739887306,0.19,13.24,0.00,0.00
2025-02-18 15:01:48,1739887308,0.26,13.24,0.00,0.00
2025-02-18 15:01:49,1739887309,0.26,13.24,0.00,0.00
2025-02-18 15:01:50,1739887310,0.32,13.26,0.00,0.00
2025-02-18 15:01:51,1739887311,0.19,13.24,0.00,0.00
2025-02-18 15:01:53,1739887313,0.26,13.24,0.00,0.00
2025-02-18 15:01:54,1739887314,0.13,13.24,0.00,0.00
2025-02-18 15:01:55,1739887315,0.26,13.24,0.00,0.00
2025-02-18 15:01:56,1739887316,0.13,13.23,0.00,0.00
2025-02-18 15:01:58,1739887318,0.19,13.22,0.00,0.00
2025-02-18 15:01:59,1739887319,0.19,13.23,0.00,0.00
2025-02-18 15:02:00,1739887320,0.26,13.23,0.00,0.00
2025-02-18 15:02:01,1739887321,0.26,13.23,0.00,0.00
2025-02-18 15:02:03,1739887323,0.13,13.22,0.00,0.00
2025-02-18 15:02:04,1739887324,0.13,13.23,0.00,0.00
2025-02-18 15:02:05,1739887325,0.64,14.69,0.00,0.00
2025-02-18 15:02:07,1739887327,0.51,14.63,0.00,0.42
2025-02-18 15:02:08,1739887328,0.58,13.26,0.00,0.00
2025-02-18 15:02:10,1739887330,0.77,13.26,0.00,0.00
2025-02-18 15:02:11,1739887331,0.58,13.26,0.00,0.00
2025-02-18 15:02:12,1739887332,0.51,13.26,0.00,0.00
2025-02-18 15:02:13,1739887333,0.51,13.27,0.00,0.00
2025-02-18 15:02:15,1739887335,0.58,13.27,0.00,0.00
2025-02-18 15:02:16,1739887336,1.54,14.09,0.00,0.00
2025-02-18 15:02:17,1739887337,1.02,17.23,0.00,0.00
2025-02-18 15:02:18,1739887338,1.02,18.37,0.00,0.00
2025-02-18 15:02:20,1739887340,0.51,18.80,0.00,0.00
2025-02-18 15:02:21,1739887341,1.54,18.98,0.00,0.02
2025-02-18 15:02:22,1739887342,10.50,22.31,0.00,0.42
2025-02-18 15:02:23,1739887343,28.16,25.77,3.25,5.23
2025-02-18 15:02:25,1739887345,31.81,28.81,39.25,6.12
2025-02-18 15:02:26,1739887346,31.87,30.86,70.25,6.12
2025-02-18 15:02:27,1739887347,32.13,32.90,59.50,6.12
2025-02-18 15:02:29,1739887349,32.19,35.00,58.50,6.12
2025-02-18 15:02:30,1739887350,31.87,36.04,41.25,6.12
2025-02-18 15:02:32,1739887352,32.00,36.40,35.00,6.12
2025-02-18 15:02:33,1739887353,31.94,36.84,53.50,6.12
2025-02-18 15:02:34,1739887354,32.00,37.20,10.75,6.12
2025-02-18 15:02:36,1739887356,32.00,37.66,39.50,6.12
2025-02-18 15:02:37,1739887357,31.94,38.20,34.50,6.12
2025-02-18 15:02:38,1739887358,32.13,38.61,25.50,6.12
2025-02-18 15:02:40,1739887360,32.00,38.98,50.50,6.12
2025-02-18 15:02:41,1739887361,31.87,39.56,13.00,6.12
2025-02-18 15:02:42,1739887362,31.87,40.13,22.75,6.12
2025-02-18 15:02:44,1739887364,32.00,40.45,35.75,6.12
2025-02-18 15:02:45,1739887365,32.00,40.54,42.00,6.12
2025-02-18 15:02:46,1739887366,31.87,40.57,36.25,6.12
2025-02-18 15:02:48,1739887368,32.00,40.56,28.50,6.12
2025-02-18 15:02:49,1739887369,31.94,40.57,22.00,6.12
2025-02-18 15:02:50,1739887370,31.87,40.57,29.25,6.12
2025-02-18 15:02:52,1739887372,32.00,40.60,29.00,6.12
2025-02-18 15:02:53,1739887373,32.00,40.79,62.50,6.12
2025-02-18 15:02:54,1739887374,32.00,40.89,57.00,6.12
2025-02-18 15:02:56,1739887376,32.00,41.73,33.25,6.12
2025-02-18 15:02:57,1739887377,32.00,41.83,58.25,6.12
2025-02-18 15:02:58,1739887378,32.45,41.84,28.75,6.12
2025-02-18 15:03:00,1739887380,32.00,42.48,4.50,6.12
2025-02-18 15:03:01,1739887381,31.94,42.81,1.75,6.12
2025-02-18 15:03:02,1739887382,31.94,42.78,0.00,6.12
2025-02-18 15:03:04,1739887384,31.94,42.79,0.00,6.12
2025-02-18 15:03:05,1739887385,31.87,42.78,0.00,6.12
2025-02-18 15:03:06,1739887386,31.87,42.77,0.00,6.12
2025-02-18 15:03:08,1739887388,31.81,42.75,0.00,6.12
2025-02-18 15:03:09,1739887389,31.81,42.76,0.00,6.12
2025-02-18 15:03:10,1739887390,32.00,42.76,0.00,6.12
2025-02-18 15:03:12,1739887392,31.87,42.76,0.00,6.12
2025-02-18 15:03:13,1739887393,31.94,42.75,0.00,6.12
2025-02-18 15:03:14,1739887394,31.94,42.76,0.00,6.12
2025-02-18 15:03:16,1739887396,31.87,42.75,0.00,6.12
2025-02-18 15:03:17,1739887397,31.94,42.75,0.00,6.12
2025-02-18 15:03:18,1739887398,31.81,42.75,0.00,6.12
2025-02-18 15:03:20,1739887400,31.87,42.74,0.00,6.12
2025-02-18 15:03:21,1739887401,31.87,42.72,0.00,6.12
2025-02-18 15:03:23,1739887403,31.87,42.73,0.00,6.12
2025-02-18 15:03:24,1739887404,31.81,42.72,0.00,6.12
2025-02-18 15:03:25,1739887405,31.94,42.71,0.00,6.12
2025-02-18 15:03:27,1739887407,31.94,42.69,0.00,6.12
2025-02-18 15:03:28,1739887408,31.94,42.68,0.00,6.12
2025-02-18 15:03:29,1739887409,32.00,42.68,0.00,6.12
2025-02-18 15:03:31,1739887411,31.87,42.67,0.00,6.12
2025-02-18 15:03:32,1739887412,31.87,42.67,0.00,6.12
2025-02-18 15:03:33,1739887413,31.87,42.67,0.00,6.12
2025-02-18 15:03:35,1739887415,31.94,42.67,0.00,6.12
2025-02-18 15:03:36,1739887416,31.87,42.66,0.00,6.12
2025-02-18 15:03:37,1739887417,31.81,42.66,0.00,6.12
2025-02-18 15:03:39,1739887419,31.94,42.65,0.00,6.12
2025-02-18 15:03:40,1739887420,31.94,42.64,0.00,6.12
2025-02-18 15:03:41,1739887421,31.87,42.63,0.00,6.12
2025-02-18 15:03:43,1739887423,31.87,42.63,0.00,6.12
2025-02-18 15:03:44,1739887424,31.94,42.64,0.00,6.12
2025-02-18 15:03:45,1739887425,31.94,42.64,0.00,6.12
2025-02-18 15:03:47,1739887427,31.81,42.64,0.00,6.12
2025-02-18 15:03:48,1739887428,31.94,42.64,0.00,6.12
2025-02-18 15:03:49,1739887429,31.94,42.64,0.00,6.12
2025-02-18 15:03:50,1739887430,31.87,42.64,0.00,6.12
2025-02-18 15:03:52,1739887432,31.87,42.63,0.00,6.12
2025-02-18 15:03:53,1739887433,31.87,42.62,0.00,6.12
2025-02-18 15:03:54,1739887434,31.87,42.63,0.00,6.12
2025-02-18 15:03:56,1739887436,31.87,42.63,0.00,6.12
2025-02-18 15:03:57,1739887437,31.94,42.63,0.00,6.12
2025-02-18 15:03:58,1739887438,32.32,42.62,0.00,6.12
2025-02-18 15:04:00,1739887440,31.87,42.62,0.00,6.12
2025-02-18 15:04:01,1739887441,31.94,42.62,0.00,6.12
2025-02-18 15:04:02,1739887442,31.94,42.62,0.00,6.12
2025-02-18 15:04:04,1739887444,31.94,42.61,0.00,6.12
2025-02-18 15:04:05,1739887445,31.94,42.60,0.00,6.12
2025-02-18 15:04:06,1739887446,31.94,42.59,0.00,6.12
2025-02-18 15:04:08,1739887448,32.00,42.60,0.00,6.12
2025-02-18 15:04:09,1739887449,32.19,42.70,49.00,6.12
2025-02-18 15:04:10,1739887450,31.87,43.19,57.75,6.12
2025-02-18 15:04:12,1739887452,31.87,43.28,68.50,6.12
2025-02-18 15:04:13,1739887453,31.94,43.34,68.25,6.12
2025-02-18 15:04:14,1739887454,31.94,43.37,71.75,6.12
2025-02-18 15:04:16,1739887456,31.87,43.51,73.25,6.12
2025-02-18 15:04:17,1739887457,31.94,43.51,36.75,6.12
2025-02-18 15:04:19,1739887459,31.81,43.47,41.75,6.12
2025-02-18 15:04:20,1739887460,31.94,43.44,42.75,6.12
2025-02-18 15:04:21,1739887461,31.87,43.40,39.00,6.12
2025-02-18 15:04:23,1739887463,31.87,43.44,53.00,6.12
2025-02-18 15:04:24,1739887464,31.94,43.47,60.75,6.12
2025-02-18 15:04:25,1739887465,31.81,43.46,46.00,6.12
2025-02-18 15:04:27,1739887467,31.81,43.44,36.25,6.12
2025-02-18 15:04:28,1739887468,31.94,43.40,40.25,6.12
2025-02-18 15:04:29,1739887469,32.00,43.41,48.25,6.12
2025-02-18 15:04:31,1739887471,32.00,43.50,69.00,6.12
2025-02-18 15:04:32,1739887472,32.26,43.55,66.25,6.12
2025-02-18 15:04:33,1739887473,31.94,43.55,69.00,6.12
2025-02-18 15:04:35,1739887475,31.94,43.53,64.00,6.12
2025-02-18 15:04:36,1739887476,31.81,43.57,69.25,6.12
2025-02-18 15:04:37,1739887477,32.13,43.56,47.50,6.12
2025-02-18 15:04:39,1739887479,32.06,43.56,48.25,6.12
2025-02-18 15:04:40,1739887480,31.94,43.53,32.50,6.12
2025-02-18 15:04:41,1739887481,31.87,43.55,45.50,6.12
2025-02-18 15:04:43,1739887483,32.00,43.58,54.75,6.12
2025-02-18 15:04:44,1739887484,31.87,43.58,50.00,6.12
2025-02-18 15:04:46,1739887486,32.06,43.63,59.25,6.12
2025-02-18 15:04:47,1739887487,32.00,43.62,60.25,6.12
2025-02-18 15:04:48,1739887488,32.26,43.63,54.50,6.12
2025-02-18 15:04:50,1739887490,31.87,43.61,56.50,6.12
2025-02-18 15:04:51,1739887491,32.19,43.67,46.75,6.12
2025-02-18 15:04:52,1739887492,31.87,43.64,49.75,6.12
2025-02-18 15:04:54,1739887494,31.94,43.63,54.50,6.12
2025-02-18 15:04:55,1739887495,31.87,43.65,58.50,6.12
2025-02-18 15:04:56,1739887496,31.87,43.70,59.75,6.12
2025-02-18 15:04:58,1739887498,32.00,43.76,62.00,6.12
2025-02-18 15:04:59,1739887499,32.00,43.99,46.25,6.12
2025-02-18 15:05:00,1739887500,31.94,44.19,57.25,6.12
2025-02-18 15:05:02,1739887502,31.94,44.20,42.50,6.12
2025-02-18 15:05:03,1739887503,31.94,44.23,56.25,6.12
2025-02-18 15:05:04,1739887504,32.06,44.27,55.25,6.12
2025-02-18 15:05:06,1739887506,31.94,44.31,55.25,6.12
2025-02-18 15:05:07,1739887507,32.13,44.29,48.00,6.12
2025-02-18 15:05:08,1739887508,32.19,44.27,69.75,6.12
2025-02-18 15:05:10,1739887510,31.94,44.21,67.75,6.12
2025-02-18 15:05:11,1739887511,32.13,44.20,61.00,6.12
2025-02-18 15:05:12,1739887512,32.00,44.19,59.25,6.12
2025-02-18 15:05:14,1739887514,31.94,44.17,53.00,6.12
2025-02-18 15:05:15,1739887515,31.87,44.14,37.75,6.12
2025-02-18 15:05:17,1739887517,31.87,44.13,31.00,6.12
2025-02-18 15:05:18,1739887518,31.81,44.13,52.00,6.12
2025-02-18 15:05:19,1739887519,31.87,44.18,57.75,6.12
2025-02-18 15:05:21,1739887521,31.94,44.20,60.00,6.12
2025-02-18 15:05:22,1739887522,32.00,44.23,51.25,6.12
2025-02-18 15:05:23,1739887523,32.13,44.30,52.75,6.12
2025-02-18 15:05:25,1739887525,31.94,44.35,55.25,6.12
2025-02-18 15:05:26,1739887526,31.87,44.41,64.00,6.12
2025-02-18 15:05:27,1739887527,31.87,44.46,69.25,6.12
2025-02-18 15:05:29,1739887529,32.32,44.51,78.00,6.12
2025-02-18 15:05:30,1739887530,31.81,44.48,70.50,6.12
2025-02-18 15:05:31,1739887531,32.13,44.44,61.00,6.12
2025-02-18 15:05:33,1739887533,31.81,44.49,41.00,6.12
2025-02-18 15:05:34,1739887534,32.00,44.50,57.75,6.12
2025-02-18 15:05:35,1739887535,32.13,44.48,55.75,6.12
2025-02-18 15:05:37,1739887537,31.94,44.47,60.00,6.12
2025-02-18 15:05:38,1739887538,31.87,44.47,46.25,6.12
2025-02-18 15:05:39,1739887539,32.06,44.45,53.50,6.12
2025-02-18 15:05:41,1739887541,32.06,44.42,18.00,6.12
2025-02-18 15:05:42,1739887542,31.94,44.46,61.75,6.12
2025-02-18 15:05:43,1739887543,31.87,44.47,55.25,6.12
2025-02-18 15:05:45,1739887545,32.26,44.42,41.25,6.12
2025-02-18 15:05:46,1739887546,31.81,44.54,69.25,6.12
2025-02-18 15:05:47,1739887547,31.94,44.55,59.75,6.12
2025-02-18 15:05:49,1739887549,31.87,44.51,53.00,6.12
2025-02-18 15:05:50,1739887550,31.81,44.52,66.75,6.12
2025-02-18 15:05:52,1739887552,31.94,44.54,49.25,6.12
2025-02-18 15:05:53,1739887553,32.00,44.55,58.50,6.12
2025-02-18 15:05:54,1739887554,31.94,44.53,55.50,6.12
2025-02-18 15:05:56,1739887556,32.06,44.53,59.25,6.12
2025-02-18 15:05:57,1739887557,31.87,44.65,62.75,6.12
2025-02-18 15:05:58,1739887558,32.06,44.82,62.00,6.12
2025-02-18 15:06:00,1739887560,32.00,44.80,52.00,6.12
2025-02-18 15:06:01,1739887561,31.94,44.80,57.50,6.12
2025-02-18 15:06:02,1739887562,31.94,44.80,64.75,6.12
2025-02-18 15:06:04,1739887564,31.87,44.73,59.50,6.12
2025-02-18 15:06:05,1739887565,32.19,44.71,51.50,6.12
2025-02-18 15:06:07,1739887567,31.81,44.67,53.25,6.12
2025-02-18 15:06:08,1739887568,32.13,44.64,55.00,6.12
2025-02-18 15:06:09,1739887569,32.13,44.65,64.00,6.12
2025-02-18 15:06:11,1739887571,32.06,44.60,59.75,6.12
2025-02-18 15:06:12,1739887572,31.94,44.57,64.00,6.12
2025-02-18 15:06:13,1739887573,31.81,44.58,66.00,6.12
2025-02-18 15:06:15,1739887575,31.94,44.57,58.50,6.12
2025-02-18 15:06:16,1739887576,31.87,44.59,67.75,6.12
2025-02-18 15:06:17,1739887577,32.00,44.59,58.50,6.12
2025-02-18 15:06:19,1739887579,32.26,44.64,59.00,6.12
2025-02-18 15:06:20,1739887580,31.87,45.08,56.75,6.12
2025-02-18 15:06:21,1739887581,32.00,46.01,48.75,6.12
2025-02-18 15:06:23,1739887583,31.87,47.00,67.25,6.12
2025-02-18 15:06:24,1739887584,31.81,47.03,34.25,6.12
2025-02-18 15:06:25,1739887585,32.06,47.00,32.25,6.12
2025-02-18 15:06:27,1739887587,32.00,46.89,25.00,6.12
2025-02-18 15:06:28,1739887588,32.51,46.92,51.75,6.12
2025-02-18 15:06:29,1739887589,31.81,46.94,49.00,6.12
2025-02-18 15:06:31,1739887591,31.87,46.90,61.50,6.12
2025-02-18 15:06:32,1739887592,31.94,46.82,61.75,6.12
2025-02-18 15:06:33,1739887593,32.58,46.85,65.50,6.12
2025-02-18 15:06:35,1739887595,32.00,46.83,49.75,6.12
2025-02-18 15:06:36,1739887596,32.06,46.82,60.50,6.12
2025-02-18 15:06:38,1739887598,32.06,46.79,49.00,6.12
2025-02-18 15:06:39,1739887599,32.00,46.78,72.50,6.12
2025-02-18 15:06:40,1739887600,31.87,46.79,62.50,6.12
2025-02-18 15:06:42,1739887602,32.00,46.82,65.50,6.12
2025-02-18 15:06:43,1739887603,31.94,46.85,64.50,6.12
2025-02-18 15:06:44,1739887604,32.06,46.86,55.00,6.12
2025-02-18 15:06:46,1739887606,32.06,46.89,57.75,6.12
2025-02-18 15:06:47,1739887607,31.87,46.89,57.25,6.12
2025-02-18 15:06:48,1739887608,31.87,46.87,15.75,6.12
2025-02-18 15:06:50,1739887610,31.81,46.87,0.00,6.12
2025-02-18 15:06:51,1739887611,31.94,46.87,0.00,6.12
2025-02-18 15:06:52,1739887612,31.81,46.83,0.00,6.12
2025-02-18 15:06:54,1739887614,31.81,46.81,0.00,6.12
2025-02-18 15:06:55,1739887615,31.81,46.81,0.00,6.12
2025-02-18 15:06:56,1739887616,31.87,46.81,0.00,6.12
2025-02-18 15:06:58,1739887618,31.94,46.80,0.00,6.12
2025-02-18 15:06:59,1739887619,32.00,46.81,0.00,6.12
2025-02-18 15:07:00,1739887620,31.81,46.81,0.00,6.12
2025-02-18 15:07:02,1739887622,31.94,46.80,0.00,6.12
2025-02-18 15:07:03,1739887623,31.94,46.79,0.00,6.12
2025-02-18 15:07:04,1739887624,31.87,46.79,0.00,6.12
2025-02-18 15:07:06,1739887626,31.87,46.79,0.00,6.12
2025-02-18 15:07:07,1739887627,31.87,46.78,0.00,6.12
2025-02-18 15:07:08,1739887628,31.87,46.77,0.00,6.12
2025-02-18 15:07:10,1739887630,31.94,46.75,0.00,6.12
2025-02-18 15:07:11,1739887631,31.94,46.75,0.00,6.12
2025-02-18 15:07:12,1739887632,31.87,46.75,0.00,6.12
2025-02-18 15:07:13,1739887633,31.87,46.75,0.00,6.12
2025-02-18 15:07:15,1739887635,31.94,46.74,0.00,6.12
2025-02-18 15:07:16,1739887636,31.94,46.74,0.00,6.12
2025-02-18 15:07:17,1739887637,31.87,46.74,0.00,6.12
2025-02-18 15:07:19,1739887639,31.87,46.74,0.00,6.12
2025-02-18 15:07:20,1739887640,31.87,46.74,0.00,6.12
2025-02-18 15:07:22,1739887642,31.94,46.73,0.00,6.12
2025-02-18 15:07:23,1739887643,31.81,46.73,0.00,6.12
2025-02-18 15:07:24,1739887644,31.81,46.73,0.00,6.12
2025-02-18 15:07:26,1739887646,31.94,46.72,0.00,6.12
2025-02-18 15:07:27,1739887647,31.87,46.72,0.00,6.12
2025-02-18 15:07:28,1739887648,32.26,46.71,0.00,6.12
2025-02-18 15:07:30,1739887650,32.45,46.78,0.00,6.12
2025-02-18 15:07:31,1739887651,32.26,46.78,0.00,6.12
2025-02-18 15:07:32,1739887652,31.94,46.78,0.00,6.12
2025-02-18 15:07:33,1739887653,32.45,46.77,0.00,6.12
2025-02-18 15:07:35,1739887655,31.87,46.76,0.00,6.12
2025-02-18 15:07:36,1739887656,31.94,46.76,0.00,6.12
2025-02-18 15:07:38,1739887658,31.81,46.76,0.00,6.12
2025-02-18 15:07:39,1739887659,31.87,46.74,0.00,6.12
2025-02-18 15:07:40,1739887660,31.87,46.73,0.00,6.12
2025-02-18 15:07:41,1739887661,32.00,46.73,0.00,6.12
2025-02-18 15:07:43,1739887663,31.87,46.72,0.00,6.12
2025-02-18 15:07:44,1739887664,31.87,46.72,0.00,6.12
2025-02-18 15:07:46,1739887666,31.87,46.72,0.00,6.12
2025-02-18 15:07:47,1739887667,31.94,46.72,0.00,6.12
2025-02-18 15:07:48,1739887668,31.81,46.72,0.00,6.12
2025-02-18 15:07:50,1739887670,32.00,46.72,0.00,6.12
2025-02-18 15:07:51,1739887671,31.94,46.72,0.00,6.12
2025-02-18 15:07:52,1739887672,31.81,46.71,0.00,6.12
2025-02-18 15:07:54,1739887674,31.87,46.72,0.00,6.12
2025-02-18 15:07:55,1739887675,31.94,46.73,0.00,6.12
2025-02-18 15:07:56,1739887676,31.81,46.73,0.00,6.12
2025-02-18 15:07:58,1739887678,32.06,46.58,52.25,6.12
2025-02-18 15:07:59,1739887679,31.94,46.85,63.75,6.12
2025-02-18 15:08:00,1739887680,32.00,46.84,47.75,6.12
2025-02-18 15:08:02,1739887682,31.94,46.94,53.75,6.12
2025-02-18 15:08:03,1739887683,31.87,47.01,67.50,6.12
2025-02-18 15:08:04,1739887684,31.94,46.97,36.00,6.12
2025-02-18 15:08:06,1739887686,31.94,46.97,57.50,6.12
2025-02-18 15:08:07,1739887687,31.94,46.90,55.00,6.12
2025-02-18 15:08:08,1739887688,31.87,46.89,58.25,6.12
2025-02-18 15:08:10,1739887690,32.00,46.85,38.25,6.12
2025-02-18 15:08:11,1739887691,31.94,46.85,30.50,6.12
2025-02-18 15:08:12,1739887692,32.06,46.86,47.50,6.12
2025-02-18 15:08:14,1739887694,32.06,46.87,64.00,6.12
2025-02-18 15:08:15,1739887695,32.00,46.88,59.50,6.12
2025-02-18 15:08:16,1739887696,31.94,46.93,49.25,6.12
2025-02-18 15:08:18,1739887698,32.00,46.93,57.00,6.12
2025-02-18 15:08:19,1739887699,32.13,46.96,28.00,6.12
2025-02-18 15:08:21,1739887701,31.94,47.23,40.50,6.12
2025-02-18 15:08:22,1739887702,31.87,47.45,26.75,6.12
2025-02-18 15:08:23,1739887703,31.87,47.58,54.00,6.12
2025-02-18 15:08:25,1739887705,31.81,47.57,11.00,6.12
2025-02-18 15:08:26,1739887706,31.81,47.54,56.75,6.12
2025-02-18 15:08:27,1739887707,31.87,47.53,67.25,6.12
2025-02-18 15:08:29,1739887709,31.94,47.48,54.00,6.12
2025-02-18 15:08:30,1739887710,31.74,47.47,42.00,6.12
2025-02-18 15:08:31,1739887711,31.94,47.44,54.50,6.12
2025-02-18 15:08:33,1739887713,32.06,47.42,46.25,6.12
2025-02-18 15:08:34,1739887714,31.87,47.42,62.75,6.12
2025-02-18 15:08:35,1739887715,31.94,47.38,54.00,6.12
2025-02-18 15:08:37,1739887717,31.94,47.34,61.00,6.12
2025-02-18 15:08:38,1739887718,31.87,47.37,61.50,6.12
2025-02-18 15:08:40,1739887720,32.00,47.38,58.75,6.12
2025-02-18 15:08:41,1739887721,31.87,47.36,19.75,6.12
2025-02-18 15:08:42,1739887722,31.87,47.32,51.75,6.12
2025-02-18 15:08:44,1739887724,32.32,47.30,34.25,6.12
2025-02-18 15:08:45,1739887725,31.87,47.29,0.00,6.12
2025-02-18 15:08:46,1739887726,31.94,47.29,0.00,6.12
2025-02-18 15:08:48,1739887728,31.87,47.28,0.00,6.12
2025-02-18 15:08:49,1739887729,31.94,47.25,0.00,6.12
2025-02-18 15:08:50,1739887730,32.00,47.25,0.00,6.12
2025-02-18 15:08:52,1739887732,31.87,47.26,0.00,6.12
2025-02-18 15:08:53,1739887733,31.94,47.24,0.00,6.12
2025-02-18 15:08:54,1739887734,31.94,47.24,0.00,6.12
2025-02-18 15:08:56,1739887736,31.94,47.23,0.00,6.12
2025-02-18 15:08:57,1739887737,31.94,47.24,0.00,6.12
2025-02-18 15:08:58,1739887738,32.06,47.26,0.00,6.12
2025-02-18 15:09:00,1739887740,31.94,47.24,0.00,6.12
2025-02-18 15:09:01,1739887741,31.94,47.24,0.00,6.12
2025-02-18 15:09:02,1739887742,31.87,47.23,0.00,6.12
2025-02-18 15:09:04,1739887744,31.94,47.23,0.00,6.12
2025-02-18 15:09:05,1739887745,31.87,47.22,0.00,6.12
2025-02-18 15:09:06,1739887746,31.94,47.22,0.00,6.12
2025-02-18 15:09:08,1739887748,31.87,47.21,0.00,6.12
2025-02-18 15:09:09,1739887749,31.81,47.21,0.00,6.12
2025-02-18 15:09:10,1739887750,31.94,47.19,0.00,6.12
2025-02-18 15:09:12,1739887752,31.94,47.19,0.00,6.12
2025-02-18 15:09:13,1739887753,31.81,47.18,0.00,6.12
2025-02-18 15:09:14,1739887754,31.94,47.18,0.00,6.12
2025-02-18 15:09:16,1739887756,31.87,47.16,0.00,6.12
2025-02-18 15:09:17,1739887757,31.94,47.16,0.00,6.12
2025-02-18 15:09:18,1739887758,31.87,47.16,0.00,6.12
2025-02-18 15:09:20,1739887760,31.81,47.15,0.00,6.12
2025-02-18 15:09:21,1739887761,31.81,47.15,0.00,6.12
2025-02-18 15:09:22,1739887762,31.94,47.16,0.00,6.12
2025-02-18 15:09:24,1739887764,31.81,47.15,0.00,6.12
2025-02-18 15:09:25,1739887765,31.81,47.15,0.00,6.12
2025-02-18 15:09:26,1739887766,31.94,47.15,0.00,6.12
2025-02-18 15:09:28,1739887768,31.94,47.15,0.00,6.12
2025-02-18 15:09:29,1739887769,32.19,47.16,0.00,6.12
2025-02-18 15:09:30,1739887770,31.94,47.16,0.00,6.12
2025-02-18 15:09:32,1739887772,31.94,47.15,0.00,6.12
2025-02-18 15:09:33,1739887773,31.87,47.14,0.00,6.12
2025-02-18 15:09:34,1739887774,31.94,47.12,0.00,6.12
2025-02-18 15:09:36,1739887776,31.94,47.11,0.00,6.12
2025-02-18 15:09:37,1739887777,31.94,47.11,0.00,6.12
2025-02-18 15:09:38,1739887778,31.87,47.11,0.00,6.12
2025-02-18 15:09:40,1739887780,31.87,47.10,0.00,6.12
2025-02-18 15:09:41,1739887781,31.81,47.09,0.00,6.12
2025-02-18 15:09:42,1739887782,31.94,47.09,0.00,6.12
2025-02-18 15:09:44,1739887784,31.94,47.09,0.00,6.12
2025-02-18 15:09:45,1739887785,31.81,47.09,0.00,6.12
2025-02-18 15:09:46,1739887786,31.94,47.09,0.00,6.12
2025-02-18 15:09:48,1739887788,31.87,47.09,0.00,6.12
2025-02-18 15:09:49,1739887789,32.00,47.08,0.00,6.12
2025-02-18 15:09:50,1739887790,31.94,47.08,0.00,6.12
2025-02-18 15:09:52,1739887792,31.94,46.94,37.75,6.12
2025-02-18 15:09:53,1739887793,31.87,47.42,49.75,6.12
2025-02-18 15:09:54,1739887794,32.00,47.52,59.25,6.12
2025-02-18 15:09:56,1739887796,31.87,47.55,51.50,6.12
2025-02-18 15:09:57,1739887797,31.87,47.57,24.50,6.12
2025-02-18 15:09:58,1739887798,32.38,47.54,50.50,6.12
2025-02-18 15:10:00,1739887800,31.94,47.54,49.50,6.12
2025-02-18 15:10:01,1739887801,31.87,47.54,54.25,6.12
2025-02-18 15:10:02,1739887802,31.87,47.46,36.25,6.12
2025-02-18 15:10:04,1739887804,31.87,47.50,61.50,6.12
2025-02-18 15:10:05,1739887805,31.87,47.51,62.75,6.12
2025-02-18 15:10:06,1739887806,32.19,47.49,36.50,6.12
2025-02-18 15:10:08,1739887808,32.13,47.52,52.00,6.12
2025-02-18 15:10:09,1739887809,32.13,47.46,26.25,6.12
2025-02-18 15:10:11,1739887811,31.87,47.48,63.50,6.12
2025-02-18 15:10:12,1739887812,31.87,47.43,39.50,6.12
2025-02-18 15:10:13,1739887813,32.00,47.39,18.25,6.12
2025-02-18 15:10:15,1739887815,32.26,47.43,54.50,6.12
2025-02-18 15:10:16,1739887816,31.87,47.49,60.25,6.12
2025-02-18 15:10:17,1739887817,31.87,47.44,54.75,6.12
2025-02-18 15:10:19,1739887819,32.19,47.42,55.75,6.12
2025-02-18 15:10:20,1739887820,32.26,47.54,57.00,6.12
2025-02-18 15:10:21,1739887821,31.94,47.58,67.25,6.12
2025-02-18 15:10:23,1739887823,31.87,47.55,60.75,6.12
2025-02-18 15:10:24,1739887824,32.06,47.52,51.50,6.12
2025-02-18 15:10:25,1739887825,31.87,47.53,61.00,6.12
2025-02-18 15:10:27,1739887827,31.87,47.59,55.50,6.12
2025-02-18 15:10:28,1739887828,32.19,47.61,56.75,6.12
2025-02-18 15:10:30,1739887830,31.87,47.55,60.50,6.12
2025-02-18 15:10:31,1739887831,31.87,47.60,60.50,6.12
2025-02-18 15:10:32,1739887832,32.00,47.59,56.75,6.12
2025-02-18 15:10:34,1739887834,32.51,47.57,50.00,6.12
2025-02-18 15:10:35,1739887835,31.94,47.55,19.25,6.12
2025-02-18 15:10:36,1739887836,32.13,47.50,34.50,6.12
2025-02-18 15:10:38,1739887838,31.94,47.50,50.00,6.12
2025-02-18 15:10:39,1739887839,31.87,47.54,50.25,6.12
2025-02-18 15:10:40,1739887840,31.87,47.57,47.25,6.12
2025-02-18 15:10:42,1739887842,32.00,47.57,48.25,6.12
2025-02-18 15:10:43,1739887843,32.06,47.55,47.00,6.12
2025-02-18 15:10:44,1739887844,31.81,47.53,39.75,6.12
2025-02-18 15:10:46,1739887846,31.94,47.56,55.50,6.12
2025-02-18 15:10:47,1739887847,32.26,47.55,57.50,6.12
2025-02-18 15:10:48,1739887848,31.94,47.53,60.75,6.12
2025-02-18 15:10:50,1739887850,32.06,47.54,57.50,6.12
2025-02-18 15:10:51,1739887851,32.00,47.58,45.75,6.12
2025-02-18 15:10:52,1739887852,31.81,47.58,48.50,6.12
2025-02-18 15:10:54,1739887854,32.00,47.56,54.25,6.12
2025-02-18 15:10:55,1739887855,32.19,47.53,41.50,6.12
2025-02-18 15:10:57,1739887857,31.87,47.59,66.75,6.12
2025-02-18 15:10:58,1739887858,31.81,47.65,55.25,6.12
2025-02-18 15:10:59,1739887859,31.94,47.63,61.00,6.12
2025-02-18 15:11:01,1739887861,32.00,47.57,1.50,6.12
2025-02-18 15:11:02,1739887862,31.87,47.58,59.50,6.12
2025-02-18 15:11:03,1739887863,32.06,47.57,58.25,6.12
2025-02-18 15:11:05,1739887865,32.19,47.57,51.00,6.12
2025-02-18 15:11:06,1739887866,31.87,47.59,51.50,6.12
2025-02-18 15:11:07,1739887867,32.13,47.59,56.75,6.12
2025-02-18 15:11:09,1739887869,31.87,47.56,54.50,6.12
2025-02-18 15:11:10,1739887870,32.13,47.56,49.00,6.12
2025-02-18 15:11:11,1739887871,31.81,47.56,54.25,6.12
2025-02-18 15:11:13,1739887873,32.00,47.57,54.25,6.12
2025-02-18 15:11:14,1739887874,32.00,47.51,40.75,6.12
2025-02-18 15:11:15,1739887875,32.13,47.50,51.50,6.12
2025-02-18 15:11:17,1739887877,31.87,47.47,40.00,6.12
2025-02-18 15:11:18,1739887878,32.00,47.47,35.25,6.12
2025-02-18 15:11:20,1739887880,31.94,47.45,53.50,6.12
2025-02-18 15:11:21,1739887881,31.94,47.42,58.00,6.12
2025-02-18 15:11:22,1739887882,32.19,47.50,48.00,6.12
2025-02-18 15:11:24,1739887884,31.94,47.52,56.00,6.12
2025-02-18 15:11:25,1739887885,31.87,47.53,45.75,6.12
2025-02-18 15:11:26,1739887886,31.87,47.54,58.25,6.12
2025-02-18 15:11:28,1739887888,31.87,47.58,68.75,6.12
2025-02-18 15:11:29,1739887889,32.26,47.59,52.25,6.12
2025-02-18 15:11:30,1739887890,32.06,47.56,45.00,6.12
2025-02-18 15:11:32,1739887892,32.13,47.58,48.75,6.12
2025-02-18 15:11:33,1739887893,31.87,47.64,60.25,6.12
2025-02-18 15:11:34,1739887894,31.87,47.60,56.50,6.12
2025-02-18 15:11:36,1739887896,31.81,47.54,49.50,6.12
2025-02-18 15:11:37,1739887897,31.94,47.52,0.00,6.12
2025-02-18 15:11:38,1739887898,31.87,47.51,0.00,6.12
2025-02-18 15:11:40,1739887900,31.87,47.49,0.00,6.12
2025-02-18 15:11:41,1739887901,31.87,47.49,0.00,6.12
2025-02-18 15:11:42,1739887902,31.87,47.49,0.00,6.12
2025-02-18 15:11:44,1739887904,31.94,47.48,0.00,6.12
2025-02-18 15:11:45,1739887905,31.81,47.48,0.00,6.12
2025-02-18 15:11:46,1739887906,31.94,47.46,0.00,6.12
2025-02-18 15:11:48,1739887908,31.94,47.47,0.00,6.12
2025-02-18 15:11:49,1739887909,31.87,47.46,0.00,6.12
2025-02-18 15:11:50,1739887910,31.87,47.46,0.00,6.12
2025-02-18 15:11:52,1739887912,31.87,47.46,0.00,6.12
2025-02-18 15:11:53,1739887913,31.87,47.46,0.00,6.12
2025-02-18 15:11:54,1739887914,31.94,47.46,0.00,6.12
2025-02-18 15:11:56,1739887916,31.94,47.45,0.00,6.12
2025-02-18 15:11:57,1739887917,31.87,47.44,0.00,6.12
2025-02-18 15:11:58,1739887918,32.26,47.45,0.00,6.12
2025-02-18 15:12:00,1739887920,31.87,47.44,0.00,6.12
2025-02-18 15:12:01,1739887921,31.94,47.43,0.00,6.12
2025-02-18 15:12:02,1739887922,31.94,47.41,0.00,6.12
2025-02-18 15:12:04,1739887924,31.81,47.40,0.00,6.12
2025-02-18 15:12:05,1739887925,31.87,47.40,0.00,6.12
2025-02-18 15:12:06,1739887926,32.00,47.39,0.00,6.12
2025-02-18 15:12:08,1739887928,32.00,47.39,0.00,6.12
2025-02-18 15:12:09,1739887929,32.00,47.39,0.00,6.12
2025-02-18 15:12:11,1739887931,31.94,47.39,0.00,6.12
2025-02-18 15:12:12,1739887932,31.94,47.39,0.00,6.12
2025-02-18 15:12:13,1739887933,31.87,47.38,0.00,6.12
2025-02-18 15:12:15,1739887935,31.94,47.38,0.00,6.12
2025-02-18 15:12:16,1739887936,31.87,47.39,0.00,6.12
2025-02-18 15:12:17,1739887937,31.94,47.38,0.00,6.12
2025-02-18 15:12:19,1739887939,31.87,47.38,0.00,6.12
2025-02-18 15:12:20,1739887940,31.94,47.38,0.00,6.12
2025-02-18 15:12:21,1739887941,31.94,47.38,0.00,6.12
2025-02-18 15:12:23,1739887943,31.94,47.38,0.00,6.12
2025-02-18 15:12:24,1739887944,31.87,47.37,0.00,6.12
2025-02-18 15:12:25,1739887945,31.87,47.38,0.00,6.12
2025-02-18 15:12:27,1739887947,31.87,47.38,0.00,6.12
2025-02-18 15:12:28,1739887948,31.87,47.38,0.00,6.12
2025-02-18 15:12:29,1739887949,32.06,47.37,0.00,6.12
2025-02-18 15:12:31,1739887951,31.87,47.38,0.00,6.12
2025-02-18 15:12:32,1739887952,31.94,47.37,0.00,6.12
2025-02-18 15:12:33,1739887953,32.38,47.36,0.00,6.12
2025-02-18 15:12:35,1739887955,32.32,47.36,0.00,6.12
2025-02-18 15:12:36,1739887956,31.81,47.36,0.00,6.12
2025-02-18 15:12:37,1739887957,31.94,47.35,0.00,6.12
2025-02-18 15:12:39,1739887959,31.87,47.35,0.00,6.12
2025-02-18 15:12:40,1739887960,31.87,47.34,0.00,6.12
2025-02-18 15:12:41,1739887961,31.87,47.34,0.00,6.12
2025-02-18 15:12:43,1739887963,31.81,47.34,0.00,6.12
2025-02-18 15:12:44,1739887964,31.94,47.33,0.00,6.12
2025-02-18 15:12:45,1739887965,32.13,47.14,50.75,6.12
2025-02-18 15:12:46,1739887966,31.87,47.48,56.50,6.12
2025-02-18 15:12:48,1739887968,31.87,47.59,53.00,6.12
2025-02-18 15:12:49,1739887969,32.26,47.62,58.50,6.12
2025-02-18 15:12:50,1739887970,31.87,47.58,56.50,6.12
2025-02-18 15:12:52,1739887972,31.94,47.61,65.50,6.12
2025-02-18 15:12:53,1739887973,31.81,47.61,58.75,6.12
2025-02-18 15:12:55,1739887975,31.87,47.63,66.50,6.12
2025-02-18 15:12:56,1739887976,31.87,47.63,59.50,6.12
2025-02-18 15:12:57,1739887977,31.94,47.62,65.50,6.12
2025-02-18 15:12:59,1739887979,31.94,47.64,58.75,6.12
2025-02-18 15:13:00,1739887980,31.81,47.61,57.00,6.12
2025-02-18 15:13:01,1739887981,31.94,47.64,63.25,6.12
2025-02-18 15:13:03,1739887983,31.87,47.62,62.00,6.12
2025-02-18 15:13:04,1739887984,32.19,47.60,51.25,6.12
2025-02-18 15:13:05,1739887985,32.00,47.61,68.00,6.12
2025-02-18 15:13:07,1739887987,31.87,47.58,52.00,6.12
2025-02-18 15:13:08,1739887988,32.26,47.53,51.00,6.12
2025-02-18 15:13:09,1739887989,32.13,47.53,39.00,6.12
2025-02-18 15:13:11,1739887991,31.94,47.53,63.25,6.12
2025-02-18 15:13:12,1739887992,32.32,47.50,29.75,6.12
2025-02-18 15:13:13,1739887993,32.26,47.59,52.75,6.12
2025-02-18 15:13:15,1739887995,32.00,47.64,62.00,6.12
2025-02-18 15:13:16,1739887996,32.00,47.62,59.00,6.12
2025-02-18 15:13:17,1739887997,31.87,47.81,35.25,6.12
2025-02-18 15:13:19,1739887999,32.00,47.84,43.00,6.12
2025-02-18 15:13:20,1739888000,31.94,47.82,66.25,6.12
2025-02-18 15:13:21,1739888001,32.13,47.79,56.75,6.12
2025-02-18 15:13:23,1739888003,31.87,47.81,60.50,6.12
2025-02-18 15:13:24,1739888004,31.94,47.74,54.75,6.12
2025-02-18 15:13:26,1739888006,31.94,47.70,56.25,6.12
2025-02-18 15:13:27,1739888007,31.94,47.67,54.75,6.12
2025-02-18 15:13:28,1739888008,32.64,47.62,34.25,6.12
2025-02-18 15:13:30,1739888010,31.87,47.59,53.00,6.12
2025-02-18 15:13:31,1739888011,32.00,47.59,50.00,6.12
2025-02-18 15:13:32,1739888012,31.87,47.58,44.50,6.12
2025-02-18 15:13:34,1739888014,31.94,47.57,52.00,6.12
2025-02-18 15:13:35,1739888015,32.00,47.57,33.00,6.12
2025-02-18 15:13:36,1739888016,31.94,47.58,48.25,6.12
2025-02-18 15:13:38,1739888018,31.68,47.58,24.25,6.12
2025-02-18 15:13:39,1739888019,31.87,47.57,31.25,6.12
2025-02-18 15:13:40,1739888020,31.87,47.57,53.25,6.12
2025-02-18 15:13:42,1739888022,32.06,47.60,43.00,6.12
2025-02-18 15:13:43,1739888023,32.00,47.63,76.25,6.12
2025-02-18 15:13:44,1739888024,31.94,47.59,40.00,6.12
2025-02-18 15:13:46,1739888026,32.19,47.61,45.00,6.12
2025-02-18 15:13:47,1739888027,31.94,47.61,55.25,6.12
2025-02-18 15:13:48,1739888028,31.87,47.60,56.25,6.12
2025-02-18 15:13:50,1739888030,31.94,47.59,64.25,6.12
2025-02-18 15:13:51,1739888031,32.06,47.57,64.25,6.12
2025-02-18 15:13:53,1739888033,32.00,47.56,62.00,6.12
2025-02-18 15:13:54,1739888034,31.81,47.62,54.00,6.12
2025-02-18 15:13:55,1739888035,31.81,47.62,55.00,6.12
2025-02-18 15:13:57,1739888037,31.87,47.59,41.25,6.12
2025-02-18 15:13:58,1739888038,32.00,47.64,66.50,6.12
2025-02-18 15:13:59,1739888039,32.19,47.70,60.50,6.12
2025-02-18 15:14:01,1739888041,32.06,47.66,59.00,6.12
2025-02-18 15:14:02,1739888042,31.87,47.71,60.25,6.12
2025-02-18 15:14:03,1739888043,32.06,47.72,62.50,6.12
2025-02-18 15:14:05,1739888045,32.06,47.72,59.00,6.12
2025-02-18 15:14:06,1739888046,32.00,47.70,59.25,6.12
2025-02-18 15:14:07,1739888047,31.81,47.73,60.25,6.12
2025-02-18 15:14:09,1739888049,31.94,47.73,45.00,6.12
2025-02-18 15:14:10,1739888050,31.94,47.68,1.75,6.12
2025-02-18 15:14:11,1739888051,31.87,47.68,0.00,6.12
2025-02-18 15:14:13,1739888053,31.87,47.64,0.00,6.12
2025-02-18 15:14:14,1739888054,31.87,47.64,0.00,6.12
2025-02-18 15:14:15,1739888055,32.13,47.64,0.00,6.12
2025-02-18 15:14:17,1739888057,31.87,47.65,0.00,6.12
2025-02-18 15:14:18,1739888058,31.94,47.65,0.00,6.12
2025-02-18 15:14:19,1739888059,31.87,47.64,0.00,6.12
2025-02-18 15:14:21,1739888061,31.94,47.63,0.00,6.12
2025-02-18 15:14:22,1739888062,31.87,47.63,0.00,6.12
2025-02-18 15:14:23,1739888063,31.87,47.63,0.00,6.12
2025-02-18 15:14:25,1739888065,31.94,47.63,0.00,6.12
2025-02-18 15:14:26,1739888066,31.87,47.62,0.00,6.12
2025-02-18 15:14:27,1739888067,31.94,47.61,0.00,6.12
2025-02-18 15:14:29,1739888069,32.00,47.60,0.00,6.12
2025-02-18 15:14:30,1739888070,31.94,47.59,0.00,6.12
2025-02-18 15:14:31,1739888071,31.94,47.58,0.00,6.12
2025-02-18 15:14:33,1739888073,31.94,47.58,0.00,6.12
2025-02-18 15:14:34,1739888074,31.94,47.58,0.00,6.12
2025-02-18 15:14:35,1739888075,31.94,47.57,0.00,6.12
2025-02-18 15:14:37,1739888077,31.94,47.57,0.00,6.12
2025-02-18 15:14:38,1739888078,31.94,47.56,0.00,6.12
2025-02-18 15:14:39,1739888079,31.87,47.56,0.00,6.12
2025-02-18 15:14:41,1739888081,31.81,47.56,0.00,6.12
2025-02-18 15:14:42,1739888082,31.87,47.56,0.00,6.12
2025-02-18 15:14:43,1739888083,31.87,47.56,0.00,6.12
2025-02-18 15:14:45,1739888085,32.13,47.55,0.00,6.12
2025-02-18 15:14:46,1739888086,31.87,47.55,0.00,6.12
2025-02-18 15:14:47,1739888087,31.87,47.56,0.00,6.12
2025-02-18 15:14:49,1739888089,31.87,47.55,0.00,6.12
2025-02-18 15:14:50,1739888090,31.94,47.56,0.00,6.12
2025-02-18 15:14:51,1739888091,31.87,47.55,0.00,6.12
2025-02-18 15:14:53,1739888093,31.87,47.55,0.00,6.12
2025-02-18 15:14:54,1739888094,31.74,47.55,0.00,6.12
2025-02-18 15:14:56,1739888096,31.87,47.54,0.00,6.12
2025-02-18 15:14:57,1739888097,31.87,47.55,0.00,6.12
2025-02-18 15:14:58,1739888098,32.38,47.55,0.00,6.12
2025-02-18 15:15:00,1739888100,31.94,47.54,0.00,6.12
2025-02-18 15:15:01,1739888101,31.94,47.54,0.00,6.12
2025-02-18 15:15:02,1739888102,31.87,47.54,0.00,6.12
2025-02-18 15:15:04,1739888104,32.51,47.53,0.00,6.12
2025-02-18 15:15:05,1739888105,31.87,47.53,0.00,6.12
2025-02-18 15:15:06,1739888106,31.87,47.52,0.00,6.12
2025-02-18 15:15:08,1739888108,31.94,47.52,0.00,6.12
2025-02-18 15:15:09,1739888109,31.94,47.52,0.00,6.12
2025-02-18 15:15:10,1739888110,31.87,47.51,0.00,6.12
2025-02-18 15:15:12,1739888112,31.94,47.52,0.00,6.12
2025-02-18 15:15:13,1739888113,31.87,47.52,0.00,6.12
2025-02-18 15:15:14,1739888114,31.81,47.52,0.00,6.12
2025-02-18 15:15:16,1739888116,31.81,47.51,0.00,6.12
2025-02-18 15:15:17,1739888117,31.87,47.51,0.00,6.12
2025-02-18 15:15:18,1739888118,31.94,47.51,0.00,6.12
2025-02-18 15:15:20,1739888120,31.94,47.51,0.00,6.12
2025-02-18 15:15:21,1739888121,30.98,47.31,1.75,6.12
2025-02-18 15:15:22,1739888122,31.94,47.55,58.25,6.12
2025-02-18 15:15:24,1739888124,32.00,47.61,52.25,6.12
2025-02-18 15:15:25,1739888125,31.94,47.65,61.75,6.12
2025-02-18 15:15:26,1739888126,32.13,47.66,60.75,6.12
2025-02-18 15:15:28,1739888128,32.13,47.72,61.00,6.12
2025-02-18 15:15:29,1739888129,32.26,47.75,65.25,6.12
2025-02-18 15:15:30,1739888130,31.94,47.70,67.25,6.12
2025-02-18 15:15:32,1739888132,31.87,47.69,66.25,6.12
2025-02-18 15:15:33,1739888133,31.94,47.67,53.25,6.12
2025-02-18 15:15:34,1739888134,31.94,47.65,45.25,6.12
2025-02-18 15:15:36,1739888136,31.94,47.65,53.00,6.12
2025-02-18 15:15:37,1739888137,31.94,47.64,46.75,6.12
2025-02-18 15:15:39,1739888139,31.81,47.62,52.00,6.12
2025-02-18 15:15:40,1739888140,31.94,47.61,51.75,6.12
2025-02-18 15:15:41,1739888141,31.87,47.75,34.50,6.12
2025-02-18 15:15:43,1739888143,32.13,47.93,64.00,6.12
2025-02-18 15:15:44,1739888144,31.87,47.99,53.75,6.12
2025-02-18 15:15:45,1739888145,31.94,48.01,43.00,6.12
2025-02-18 15:15:47,1739888147,31.94,48.00,60.25,6.12
2025-02-18 15:15:48,1739888148,31.94,48.02,60.75,6.12
2025-02-18 15:15:49,1739888149,31.94,47.98,44.00,6.12
2025-02-18 15:15:51,1739888151,31.81,47.93,54.75,6.12
2025-02-18 15:15:52,1739888152,32.13,47.91,51.25,6.12
2025-02-18 15:15:53,1739888153,31.87,47.93,59.75,6.12
2025-02-18 15:15:55,1739888155,31.94,47.93,46.50,6.12
2025-02-18 15:15:56,1739888156,31.94,47.93,54.00,6.12
2025-02-18 15:15:57,1739888157,32.00,47.92,52.00,6.12
2025-02-18 15:15:59,1739888159,31.94,47.93,57.25,6.12
2025-02-18 15:16:00,1739888160,31.87,47.89,26.50,6.12
2025-02-18 15:16:01,1739888161,31.94,47.88,40.25,6.12
2025-02-18 15:16:03,1739888163,31.94,47.84,22.50,6.12
2025-02-18 15:16:04,1739888164,32.13,47.82,26.75,6.12
2025-02-18 15:16:05,1739888165,32.13,47.83,44.75,6.12
2025-02-18 15:16:07,1739888167,31.81,47.80,40.25,6.12
2025-02-18 15:16:08,1739888168,31.94,47.84,57.25,6.12
2025-02-18 15:16:09,1739888169,31.94,47.84,30.50,6.12
2025-02-18 15:16:11,1739888171,32.06,47.81,48.25,6.12
2025-02-18 15:16:12,1739888172,32.00,47.82,46.25,6.12
2025-02-18 15:16:14,1739888174,31.94,47.84,47.00,6.12
2025-02-18 15:16:15,1739888175,31.87,47.79,9.75,6.12
2025-02-18 15:16:16,1739888176,32.13,47.79,22.50,6.12
2025-02-18 15:16:18,1739888178,32.00,47.87,40.25,6.12
2025-02-18 15:16:19,1739888179,31.87,47.96,52.75,6.12
2025-02-18 15:16:20,1739888180,31.87,47.93,13.75,6.12
2025-02-18 15:16:22,1739888182,31.94,47.90,37.50,6.12
2025-02-18 15:16:23,1739888183,32.13,47.91,60.50,6.12
2025-02-18 15:16:24,1739888184,32.19,47.91,52.25,6.12
2025-02-18 15:16:26,1739888186,31.94,47.92,63.25,6.12
2025-02-18 15:16:27,1739888187,31.94,47.95,53.50,6.12
2025-02-18 15:16:28,1739888188,32.19,47.96,45.50,6.12
2025-02-18 15:16:30,1739888190,32.00,47.97,56.50,6.12
2025-02-18 15:16:31,1739888191,32.00,47.95,49.50,6.12
2025-02-18 15:16:32,1739888192,32.00,47.96,51.75,6.12
2025-02-18 15:16:34,1739888194,31.87,47.97,58.25,6.12
2025-02-18 15:16:35,1739888195,31.94,47.92,50.00,6.12
2025-02-18 15:16:36,1739888196,31.94,47.90,43.50,6.12
2025-02-18 15:16:38,1739888198,32.00,47.93,50.75,6.12
2025-02-18 15:16:39,1739888199,32.00,47.96,53.75,6.12
2025-02-18 15:16:40,1739888200,31.87,47.99,42.00,6.12
2025-02-18 15:16:42,1739888202,31.81,47.95,52.75,6.12
2025-02-18 15:16:43,1739888203,32.06,47.95,23.25,6.12
2025-02-18 15:16:44,1739888204,31.94,47.97,50.50,6.12
2025-02-18 15:16:46,1739888206,31.87,47.93,55.00,6.12
2025-02-18 15:16:47,1739888207,32.13,47.93,63.00,6.12
2025-02-18 15:16:49,1739888209,32.00,47.93,50.00,6.12
2025-02-18 15:16:50,1739888210,31.87,47.95,60.25,6.12
2025-02-18 15:16:51,1739888211,31.87,47.93,52.75,6.12
2025-02-18 15:16:53,1739888213,31.94,47.94,55.50,6.12
2025-02-18 15:16:54,1739888214,32.32,47.91,34.75,6.12
2025-02-18 15:16:55,1739888215,31.94,47.92,57.50,6.12
2025-02-18 15:16:57,1739888217,31.87,47.91,56.00,6.12
2025-02-18 15:16:58,1739888218,32.45,47.93,61.25,6.12
2025-02-18 15:17:00,1739888220,32.00,47.90,63.25,6.12
2025-02-18 15:17:01,1739888221,32.06,47.93,58.00,6.12
2025-02-18 15:17:02,1739888222,32.00,47.90,51.25,6.12
2025-02-18 15:17:04,1739888224,32.38,47.89,35.25,6.12
2025-02-18 15:17:05,1739888225,32.19,47.86,11.00,6.12
2025-02-18 15:17:06,1739888226,32.00,47.85,38.25,6.12
2025-02-18 15:17:08,1739888228,32.19,47.82,24.25,6.12
2025-02-18 15:17:09,1739888229,31.87,47.82,53.75,6.12
2025-02-18 15:17:10,1739888230,32.32,47.79,37.00,6.12
2025-02-18 15:17:12,1739888232,31.94,47.82,62.50,6.12
2025-02-18 15:17:13,1739888233,31.87,47.82,49.25,6.12
2025-02-18 15:17:14,1739888234,31.94,47.80,54.50,6.12
2025-02-18 15:17:16,1739888236,32.00,47.84,48.00,6.12
2025-02-18 15:17:17,1739888237,32.19,47.88,21.00,6.12
2025-02-18 15:17:19,1739888239,31.87,48.02,56.50,6.12
2025-02-18 15:17:20,1739888240,31.81,48.11,55.00,6.12
2025-02-18 15:17:21,1739888241,31.94,48.09,70.75,6.12
2025-02-18 15:17:23,1739888243,31.94,48.09,63.25,6.12
2025-02-18 15:17:24,1739888244,32.00,48.15,66.00,6.12
2025-02-18 15:17:25,1739888245,31.94,48.13,62.25,6.12
2025-02-18 15:17:27,1739888247,32.13,48.07,25.00,6.12
2025-02-18 15:17:28,1739888248,32.38,48.04,45.50,6.12
2025-02-18 15:17:29,1739888249,31.94,48.03,61.50,6.12
2025-02-18 15:17:31,1739888251,31.94,48.01,51.50,6.12
2025-02-18 15:17:32,1739888252,32.00,48.00,51.25,6.12
2025-02-18 15:17:34,1739888254,32.38,47.98,48.25,6.12
2025-02-18 15:17:35,1739888255,31.87,47.94,53.75,6.12
2025-02-18 15:17:36,1739888256,31.87,47.94,31.00,6.12
2025-02-18 15:17:38,1739888258,32.06,47.94,15.50,6.12
2025-02-18 15:17:39,1739888259,31.87,48.06,39.75,6.12
2025-02-18 15:17:40,1739888260,31.81,48.17,59.50,6.12
2025-02-18 15:17:42,1739888262,31.94,48.18,64.50,6.12
2025-02-18 15:17:43,1739888263,31.94,48.20,58.00,6.12
2025-02-18 15:17:44,1739888264,31.87,48.25,66.25,6.12
2025-02-18 15:17:46,1739888266,32.00,48.21,52.75,6.12
2025-02-18 15:17:47,1739888267,32.64,48.23,67.50,6.12
2025-02-18 15:17:48,1739888268,32.32,48.17,61.00,6.12
2025-02-18 15:17:50,1739888270,31.87,48.15,57.00,6.12
2025-02-18 15:17:51,1739888271,32.00,48.13,56.75,6.12
2025-02-18 15:17:52,1739888272,31.81,48.08,41.00,6.12
2025-02-18 15:17:54,1739888274,31.87,48.09,63.50,6.12
2025-02-18 15:17:55,1739888275,32.06,48.08,50.50,6.12
2025-02-18 15:17:56,1739888276,31.87,48.07,57.75,6.12
2025-02-18 15:17:58,1739888278,31.87,48.08,48.50,6.12
2025-02-18 15:17:59,1739888279,32.38,48.05,53.25,6.12
2025-02-18 15:18:00,1739888280,32.13,48.04,46.00,6.12
2025-02-18 15:18:02,1739888282,32.06,48.04,48.75,6.12
2025-02-18 15:18:03,1739888283,31.87,47.99,48.00,6.12
2025-02-18 15:18:04,1739888284,31.94,47.97,36.25,6.12
2025-02-18 15:18:06,1739888286,31.87,47.94,55.25,6.12
2025-02-18 15:18:07,1739888287,31.94,47.95,42.00,6.12
2025-02-18 15:18:09,1739888289,32.00,47.95,40.75,6.12
2025-02-18 15:18:10,1739888290,31.87,47.96,62.00,6.12
2025-02-18 15:18:11,1739888291,31.87,47.96,56.50,6.12
2025-02-18 15:18:13,1739888293,32.06,48.00,53.00,6.12
2025-02-18 15:18:14,1739888294,31.94,48.03,41.75,6.12
2025-02-18 15:18:15,1739888295,31.94,48.09,60.00,6.12
2025-02-18 15:18:17,1739888297,31.94,48.08,60.00,6.12
2025-02-18 15:18:18,1739888298,32.00,48.07,56.00,6.12
2025-02-18 15:18:19,1739888299,31.81,48.07,61.25,6.12
2025-02-18 15:18:21,1739888301,31.87,48.04,52.50,6.12
2025-02-18 15:18:22,1739888302,31.94,48.04,61.75,6.12
2025-02-18 15:18:23,1739888303,31.87,48.06,50.25,6.12
2025-02-18 15:18:25,1739888305,32.06,48.08,40.50,6.12
2025-02-18 15:18:26,1739888306,31.87,48.14,49.00,6.12
2025-02-18 15:18:27,1739888307,31.87,48.14,42.25,6.12
2025-02-18 15:18:29,1739888309,31.94,48.15,48.25,6.12
2025-02-18 15:18:30,1739888310,31.87,48.17,50.00,6.12
2025-02-18 15:18:32,1739888312,32.00,48.13,29.75,6.12
2025-02-18 15:18:33,1739888313,31.87,48.10,40.25,6.12
2025-02-18 15:18:34,1739888314,31.94,48.12,56.25,6.12
2025-02-18 15:18:36,1739888316,31.94,48.12,45.00,6.12
2025-02-18 15:18:37,1739888317,32.00,48.16,68.00,6.12
2025-02-18 15:18:38,1739888318,31.87,48.14,67.00,6.12
2025-02-18 15:18:40,1739888320,32.38,48.13,60.50,6.12
2025-02-18 15:18:41,1739888321,32.06,48.14,72.00,6.12
2025-02-18 15:18:42,1739888322,32.00,48.12,51.75,6.12
2025-02-18 15:18:44,1739888324,32.26,48.08,65.50,6.12
2025-02-18 15:18:45,1739888325,31.87,48.17,58.50,6.12
2025-02-18 15:18:46,1739888326,32.00,48.14,52.75,6.12
2025-02-18 15:18:48,1739888328,32.00,48.22,37.25,6.12
2025-02-18 15:18:49,1739888329,31.87,48.28,64.50,6.12
2025-02-18 15:18:50,1739888330,31.87,48.26,37.00,6.12
2025-02-18 15:18:52,1739888332,32.32,48.25,22.75,6.12
2025-02-18 15:18:53,1739888333,32.06,48.21,30.75,6.12
2025-02-18 15:18:54,1739888334,31.81,48.21,58.50,6.12
2025-02-18 15:18:56,1739888336,32.00,48.19,31.25,6.12
2025-02-18 15:18:57,1739888337,31.87,48.15,54.50,6.12
2025-02-18 15:18:59,1739888339,32.45,48.15,51.25,6.12
2025-02-18 15:19:00,1739888340,31.81,48.15,35.25,6.12
2025-02-18 15:19:01,1739888341,32.06,48.20,39.00,6.12
2025-02-18 15:19:03,1739888343,31.87,48.22,58.50,6.12
2025-02-18 15:19:04,1739888344,32.00,48.19,40.50,6.12
2025-02-18 15:19:05,1739888345,32.13,48.19,54.25,6.12
2025-02-18 15:19:07,1739888347,31.94,48.19,55.75,6.12
2025-02-18 15:19:08,1739888348,32.32,48.19,47.25,6.12
2025-02-18 15:19:09,1739888349,32.32,48.18,54.00,6.12
2025-02-18 15:19:11,1739888351,31.87,48.22,49.50,6.12
2025-02-18 15:19:12,1739888352,31.94,48.22,34.50,6.12
2025-02-18 15:19:13,1739888353,32.00,48.18,20.00,6.12
2025-02-18 15:19:15,1739888355,32.19,48.42,41.00,6.12
2025-02-18 15:19:16,1739888356,31.87,48.45,19.50,6.12
2025-02-18 15:19:17,1739888357,31.81,48.44,51.25,6.12
2025-02-18 15:19:19,1739888359,31.87,48.41,36.75,6.12
2025-02-18 15:19:20,1739888360,31.87,48.45,54.25,6.12
2025-02-18 15:19:22,1739888362,31.94,48.48,57.25,6.12
2025-02-18 15:19:23,1739888363,31.87,48.51,54.00,6.12
2025-02-18 15:19:24,1739888364,32.13,48.45,44.00,6.12
2025-02-18 15:19:26,1739888366,32.00,48.43,54.25,6.12
2025-02-18 15:19:27,1739888367,32.06,48.41,45.50,6.12
2025-02-18 15:19:28,1739888368,32.58,48.34,56.25,6.12
2025-02-18 15:19:30,1739888370,31.94,48.29,41.25,6.12
2025-02-18 15:19:31,1739888371,31.87,48.37,51.25,6.12
2025-02-18 15:19:32,1739888372,31.81,48.34,49.50,6.12
2025-02-18 15:19:34,1739888374,32.19,48.27,29.50,6.12
2025-02-18 15:19:35,1739888375,31.81,48.28,43.25,6.12
2025-02-18 15:19:36,1739888376,32.19,48.26,14.25,6.12
2025-02-18 15:19:38,1739888378,31.87,48.40,65.75,6.12
2025-02-18 15:19:39,1739888379,32.19,48.35,30.75,6.12
2025-02-18 15:19:40,1739888380,32.19,48.38,56.00,6.12
2025-02-18 15:19:42,1739888382,31.94,48.39,65.00,6.12
2025-02-18 15:19:43,1739888383,32.00,48.36,59.00,6.12
2025-02-18 15:19:44,1739888384,31.87,48.36,63.50,6.12
2025-02-18 15:19:46,1739888386,31.87,48.37,60.75,6.12
2025-02-18 15:19:47,1739888387,32.38,48.33,63.00,6.12
2025-02-18 15:19:48,1739888388,32.06,48.42,57.75,6.12
2025-02-18 15:19:50,1739888390,31.87,48.43,55.25,6.12
2025-02-18 15:19:51,1739888391,31.94,48.44,56.00,6.12
2025-02-18 15:19:52,1739888392,32.00,48.44,64.50,6.12
2025-02-18 15:19:54,1739888394,31.94,48.44,48.75,6.12
2025-02-18 15:19:55,1739888395,32.13,48.39,50.25,6.12
2025-02-18 15:19:57,1739888397,31.94,48.39,53.75,6.12
2025-02-18 15:19:58,1739888398,32.00,48.38,54.25,6.12
2025-02-18 15:19:59,1739888399,32.45,48.37,66.50,6.12
2025-02-18 15:20:01,1739888401,31.87,48.35,47.50,6.12
2025-02-18 15:20:02,1739888402,32.00,48.37,45.00,6.12
2025-02-18 15:20:03,1739888403,32.06,48.35,47.25,6.12
2025-02-18 15:20:05,1739888405,32.00,48.30,35.75,6.12
2025-02-18 15:20:06,1739888406,31.87,48.32,40.00,6.12
2025-02-18 15:20:07,1739888407,31.94,48.34,42.25,6.12
2025-02-18 15:20:09,1739888409,31.87,48.30,53.25,6.12
2025-02-18 15:20:10,1739888410,32.26,48.31,49.25,6.12
2025-02-18 15:20:11,1739888411,31.94,48.32,49.75,6.12
2025-02-18 15:20:13,1739888413,32.13,48.32,56.00,6.12
2025-02-18 15:20:14,1739888414,32.00,48.34,46.00,6.12
2025-02-18 15:20:15,1739888415,32.13,48.33,34.25,6.12
2025-02-18 15:20:17,1739888417,31.81,48.31,57.50,6.12
2025-02-18 15:20:18,1739888418,31.94,48.34,55.75,6.12
2025-02-18 15:20:19,1739888419,31.94,48.34,36.75,6.12
2025-02-18 15:20:21,1739888421,32.19,48.35,47.25,6.12
2025-02-18 15:20:22,1739888422,31.87,48.33,48.50,6.12
2025-02-18 15:20:23,1739888423,32.00,48.33,52.50,6.12
2025-02-18 15:20:25,1739888425,31.94,48.27,46.00,6.12
2025-02-18 15:20:26,1739888426,31.87,48.29,56.25,6.12
2025-02-18 15:20:27,1739888427,31.94,48.30,36.00,6.12
2025-02-18 15:20:29,1739888429,32.06,48.30,50.75,6.12
2025-02-18 15:20:30,1739888430,32.26,48.36,54.25,6.12
2025-02-18 15:20:32,1739888432,31.87,48.34,43.50,6.12
2025-02-18 15:20:33,1739888433,32.26,48.30,32.50,6.12
2025-02-18 15:20:34,1739888434,32.19,48.34,48.25,6.12
2025-02-18 15:20:36,1739888436,32.00,48.38,51.75,6.12
2025-02-18 15:20:37,1739888437,31.87,48.37,58.50,6.12
2025-02-18 15:20:38,1739888438,32.06,48.41,43.00,6.12
2025-02-18 15:20:40,1739888440,31.87,48.42,26.25,6.12
2025-02-18 15:20:41,1739888441,31.87,48.41,62.50,6.12
2025-02-18 15:20:42,1739888442,32.00,48.39,51.75,6.12
2025-02-18 15:20:44,1739888444,31.87,48.39,52.00,6.12
2025-02-18 15:20:45,1739888445,32.13,48.36,53.25,6.12
2025-02-18 15:20:46,1739888446,31.94,48.49,41.00,6.12
2025-02-18 15:20:48,1739888448,31.87,48.64,65.25,6.12
2025-02-18 15:20:49,1739888449,32.06,48.67,63.00,6.12
2025-02-18 15:20:50,1739888450,31.81,48.66,44.00,6.12
2025-02-18 15:20:52,1739888452,31.87,48.64,45.50,6.12
2025-02-18 15:20:53,1739888453,32.06,48.60,48.25,6.12
2025-02-18 15:20:54,1739888454,32.13,48.58,51.50,6.12
2025-02-18 15:20:56,1739888456,32.00,48.57,50.25,6.12
2025-02-18 15:20:57,1739888457,31.94,48.58,52.00,6.12
2025-02-18 15:20:59,1739888459,32.19,48.69,50.50,6.12
2025-02-18 15:21:00,1739888460,31.94,48.74,67.50,6.12
2025-02-18 15:21:01,1739888461,31.94,48.70,39.50,6.12
2025-02-18 15:21:03,1739888463,32.13,48.66,49.00,6.12
2025-02-18 15:21:04,1739888464,31.81,48.64,60.25,6.12
2025-02-18 15:21:05,1739888465,32.06,48.68,56.50,6.12
2025-02-18 15:21:07,1739888467,31.87,48.98,33.00,6.12
2025-02-18 15:21:08,1739888468,31.81,49.26,49.50,6.12
2025-02-18 15:21:09,1739888469,32.32,49.38,70.00,6.12
2025-02-18 15:21:11,1739888471,31.87,49.42,48.50,6.12
2025-02-18 15:21:12,1739888472,31.87,49.48,48.50,6.12
2025-02-18 15:21:13,1739888473,31.87,49.54,50.75,6.12
2025-02-18 15:21:15,1739888475,32.45,49.66,20.50,6.12
2025-02-18 15:21:16,1739888476,32.06,49.70,48.75,6.12
2025-02-18 15:21:17,1739888477,31.87,49.72,43.50,6.12
2025-02-18 15:21:19,1739888479,31.87,49.74,39.75,6.12
2025-02-18 15:21:20,1739888480,32.00,49.87,52.00,6.12
2025-02-18 15:21:21,1739888481,32.19,49.93,67.00,6.12
2025-02-18 15:21:23,1739888483,31.81,49.96,47.00,6.12
2025-02-18 15:21:24,1739888484,31.87,49.99,51.25,6.12
2025-02-18 15:21:26,1739888486,32.13,50.08,51.75,6.12
2025-02-18 15:21:27,1739888487,31.87,50.13,56.00,6.12
2025-02-18 15:21:28,1739888488,32.19,50.19,58.25,6.12
2025-02-18 15:21:30,1739888490,31.81,50.19,51.75,6.12
2025-02-18 15:21:31,1739888491,31.87,50.19,17.00,6.12
2025-02-18 15:21:32,1739888492,31.87,50.22,12.00,6.12
2025-02-18 15:21:34,1739888494,32.64,50.24,20.00,6.12
2025-02-18 15:21:35,1739888495,31.87,50.42,57.25,6.12
2025-02-18 15:21:36,1739888496,32.19,50.95,84.50,6.12
2025-02-18 15:21:38,1739888498,32.00,51.30,88.00,6.12
2025-02-18 15:21:39,1739888499,31.81,51.71,95.00,6.12
2025-02-18 15:21:40,1739888500,31.94,51.86,88.00,6.12
2025-02-18 15:21:42,1739888502,31.81,51.88,85.50,6.12
2025-02-18 15:21:43,1739888503,31.87,51.89,90.75,6.12
2025-02-18 15:21:44,1739888504,31.94,52.06,80.25,6.12
2025-02-18 15:21:46,1739888506,32.19,52.65,64.75,6.12
2025-02-18 15:21:47,1739888507,31.81,52.93,74.00,6.12
2025-02-18 15:21:48,1739888508,31.87,53.14,63.75,6.12
2025-02-18 15:21:50,1739888510,31.74,53.34,62.25,6.12
2025-02-18 15:21:51,1739888511,31.87,53.48,72.25,6.12
2025-02-18 15:21:52,1739888512,31.81,53.95,38.00,6.12
2025-02-18 15:21:54,1739888514,31.87,54.14,57.75,6.12
2025-02-18 15:21:55,1739888515,31.81,54.27,58.25,6.12
2025-02-18 15:21:57,1739888517,31.81,54.28,54.75,6.12
2025-02-18 15:21:58,1739888518,31.87,54.31,66.75,6.12
2025-02-18 15:21:59,1739888519,32.26,54.23,71.25,6.12
2025-02-18 15:22:00,1739888520,21.25,53.99,68.00,6.12
2025-02-18 15:22:02,1739888522,18.50,53.90,24.25,6.12
2025-02-18 15:22:03,1739888523,4.35,53.22,0.00,6.12
2025-02-18 15:22:04,1739888524,4.03,53.01,0.00,6.12
2025-02-18 15:22:05,1739888525,3.97,53.00,0.00,6.12
2025-02-18 15:22:07,1739888527,4.03,52.98,0.00,6.12
2025-02-18 15:22:08,1739888528,4.03,52.94,0.00,6.12
2025-02-18 15:22:09,1739888529,3.39,51.86,1.50,4.02
2025-02-18 15:22:10,1739888530,0.58,27.26,0.00,0.73
